Site Name ,STRT11620
Site Number ,1
Logger ,Integrating Light Sensor
Logger Serial Number ,11620


Scan No ,Date and Time,       Integrating Light,        ,
        ,        ,RAW VALUE ,CALIBRATED VALUE,

1,07/05/2019 , 12:15:00,547,547
2,07/05/2019 , 12:30:00,344,344
3,07/05/2019 , 12:45:00,238,238
4,07/05/2019 , 13:00:00,1803,1803
5,07/05/2019 , 13:15:00,2559,2559
6,07/05/2019 , 13:30:00,2662,2662
7,07/05/2019 , 13:45:00,1241,1241
8,07/05/2019 , 14:00:00,526,526
9,07/05/2019 , 14:15:00,547,547
10,07/05/2019 , 14:30:00,455,455
11,07/05/2019 , 14:45:00,318,318
12,07/05/2019 , 15:00:00,179,179
13,07/05/2019 , 15:15:00,98,98
14,07/05/2019 , 15:30:00,213,213
15,07/05/2019 , 15:45:00,381,381
16,07/05/2019 , 16:00:00,11792,11792
17,07/05/2019 , 16:15:00,13190,13190
18,07/05/2019 , 16:30:00,8435,8435
19,07/05/2019 , 16:45:00,17252,17252
20,07/05/2019 , 17:00:00,8293,8293
21,07/05/2019 , 17:15:00,21678,21678
22,07/05/2019 , 17:30:00,21067,21067
23,07/05/2019 , 17:45:00,12791,12791
24,07/05/2019 , 18:00:00,12267,12267
25,07/05/2019 , 18:15:00,10178,10178
26,07/05/2019 , 18:30:00,8149,8149
27,07/05/2019 , 18:45:00,7114,7114
28,07/05/2019 , 19:00:00,5785,5785
29,07/05/2019 , 19:15:00,5359,5359
30,07/05/2019 , 19:30:00,5102,5102
31,07/05/2019 , 19:45:00,3522,3522
32,07/05/2019 , 20:00:00,2711,2711
33,07/05/2019 , 20:15:00,2166,2166
34,07/05/2019 , 20:30:00,2357,2357
35,07/05/2019 , 20:45:00,2577,2577
36,07/05/2019 , 21:00:00,1955,1955
37,07/05/2019 , 21:15:00,1375,1375
38,07/05/2019 , 21:30:00,1081,1081
39,07/05/2019 , 21:45:00,766,766
40,07/05/2019 , 22:00:00,467,467
41,07/05/2019 , 22:15:00,215,215
42,07/05/2019 , 22:30:00,114,114
43,07/05/2019 , 22:45:00,54,54
44,07/05/2019 , 23:00:00,28,28
45,07/05/2019 , 23:15:00,12,12
46,07/05/2019 , 23:30:00,4,4
47,07/05/2019 , 23:45:00,1,1
48,07/05/2019 , 24:00:00,0,0
49,08/05/2019 , 00:15:00,0,0
50,08/05/2019 , 00:30:00,0,0
51,08/05/2019 , 00:45:00,0,0
52,08/05/2019 , 01:00:00,0,0
53,08/05/2019 , 01:15:00,0,0
54,08/05/2019 , 01:30:00,0,0
55,08/05/2019 , 01:45:00,0,0
56,08/05/2019 , 02:00:00,0,0
57,08/05/2019 , 02:15:00,0,0
58,08/05/2019 , 02:30:00,0,0
59,08/05/2019 , 02:45:00,0,0
60,08/05/2019 , 03:00:00,0,0
61,08/05/2019 , 03:15:00,0,0
62,08/05/2019 , 03:30:00,0,0
63,08/05/2019 , 03:45:00,0,0
64,08/05/2019 , 04:00:00,1,1
65,08/05/2019 , 04:15:00,5,5
66,08/05/2019 , 04:30:00,13,13
67,08/05/2019 , 04:45:00,23,23
68,08/05/2019 , 05:00:00,34,34
69,08/05/2019 , 05:15:00,58,58
70,08/05/2019 , 05:30:00,55,55
71,08/05/2019 , 05:45:00,106,106
72,08/05/2019 , 06:00:00,319,319
73,08/05/2019 , 06:15:00,436,436
74,08/05/2019 , 06:30:00,801,801
75,08/05/2019 , 06:45:00,937,937
76,08/05/2019 , 07:00:00,1169,1169
77,08/05/2019 , 07:15:00,1266,1266
78,08/05/2019 , 07:30:00,1559,1559
79,08/05/2019 , 07:45:00,1406,1406
80,08/05/2019 , 08:00:00,2432,2432
81,08/05/2019 , 08:15:00,2406,2406
82,08/05/2019 , 08:30:00,3592,3592
83,08/05/2019 , 08:45:00,3578,3578
84,08/05/2019 , 09:00:00,2951,2951
85,08/05/2019 , 09:15:00,4911,4911
86,08/05/2019 , 09:30:00,7412,7412
87,08/05/2019 , 09:45:00,7341,7341
88,08/05/2019 , 10:00:00,8555,8555
89,08/05/2019 , 10:15:00,14505,14505
90,08/05/2019 , 10:30:00,10488,10488
91,08/05/2019 , 10:45:00,6093,6093
92,08/05/2019 , 11:00:00,6056,6056
93,08/05/2019 , 11:15:00,7813,7813
94,08/05/2019 , 11:30:00,12462,12462
95,08/05/2019 , 11:45:00,14967,14967
96,08/05/2019 , 12:00:00,10430,10430
97,08/05/2019 , 12:15:00,13503,13503
98,08/05/2019 , 12:30:00,7994,7994
99,08/05/2019 , 12:45:00,9958,9958
100,08/05/2019 , 13:00:00,10325,10325
101,08/05/2019 , 13:15:00,11004,11004
102,08/05/2019 , 13:30:00,7280,7280
103,08/05/2019 , 13:45:00,10544,10544
104,08/05/2019 , 14:00:00,10186,10186
105,08/05/2019 , 14:15:00,9092,9092
106,08/05/2019 , 14:30:00,10020,10020
107,08/05/2019 , 14:45:00,5689,5689
108,08/05/2019 , 15:00:00,6074,6074
109,08/05/2019 , 15:15:00,7575,7575
110,08/05/2019 , 15:30:00,8271,8271
111,08/05/2019 , 15:45:00,9609,9609
112,08/05/2019 , 16:00:00,7549,7549
113,08/05/2019 , 16:15:00,8089,8089
114,08/05/2019 , 16:30:00,6500,6500
115,08/05/2019 , 16:45:00,7029,7029
116,08/05/2019 , 17:00:00,11536,11536
117,08/05/2019 , 17:15:00,7646,7646
118,08/05/2019 , 17:30:00,6319,6319
119,08/05/2019 , 17:45:00,6160,6160
120,08/05/2019 , 18:00:00,9939,9939
121,08/05/2019 , 18:15:00,7836,7836
122,08/05/2019 , 18:30:00,3826,3826
123,08/05/2019 , 18:45:00,2778,2778
124,08/05/2019 , 19:00:00,3271,3271
125,08/05/2019 , 19:15:00,3491,3491
126,08/05/2019 , 19:30:00,3576,3576
127,08/05/2019 , 19:45:00,3655,3655
128,08/05/2019 , 20:00:00,2920,2920
129,08/05/2019 , 20:15:00,2406,2406
130,08/05/2019 , 20:30:00,2813,2813
131,08/05/2019 , 20:45:00,2526,2526
132,08/05/2019 , 21:00:00,2404,2404
133,08/05/2019 , 21:15:00,2611,2611
134,08/05/2019 , 21:30:00,1112,1112
135,08/05/2019 , 21:45:00,819,819
136,08/05/2019 , 22:00:00,515,515
137,08/05/2019 , 22:15:00,259,259
138,08/05/2019 , 22:30:00,223,223
139,08/05/2019 , 22:45:00,136,136
140,08/05/2019 , 23:00:00,61,61
141,08/05/2019 , 23:15:00,19,19
142,08/05/2019 , 23:30:00,8,8
143,08/05/2019 , 23:45:00,2,2
144,08/05/2019 , 24:00:00,1,1
145,09/05/2019 , 00:15:00,0,0
146,09/05/2019 , 00:30:00,0,0
147,09/05/2019 , 00:45:00,0,0
148,09/05/2019 , 01:00:00,0,0
149,09/05/2019 , 01:15:00,0,0
150,09/05/2019 , 01:30:00,0,0
151,09/05/2019 , 01:45:00,0,0
152,09/05/2019 , 02:00:00,0,0
153,09/05/2019 , 02:15:00,0,0
154,09/05/2019 , 02:30:00,0,0
155,09/05/2019 , 02:45:00,0,0
156,09/05/2019 , 03:00:00,0,0
157,09/05/2019 , 03:15:00,0,0
158,09/05/2019 , 03:30:00,0,0
159,09/05/2019 , 03:45:00,0,0
160,09/05/2019 , 04:00:00,2,2
161,09/05/2019 , 04:15:00,10,10
162,09/05/2019 , 04:30:00,35,35
163,09/05/2019 , 04:45:00,88,88
164,09/05/2019 , 05:00:00,167,167
165,09/05/2019 , 05:15:00,265,265
166,09/05/2019 , 05:30:00,436,436
167,09/05/2019 , 05:45:00,605,605
168,09/05/2019 , 06:00:00,778,778
169,09/05/2019 , 06:15:00,992,992
170,09/05/2019 , 06:30:00,1611,1611
171,09/05/2019 , 06:45:00,1723,1723
172,09/05/2019 , 07:00:00,1218,1218
173,09/05/2019 , 07:15:00,1521,1521
174,09/05/2019 , 07:30:00,1666,1666
175,09/05/2019 , 07:45:00,1755,1755
176,09/05/2019 , 08:00:00,1809,1809
177,09/05/2019 , 08:15:00,1849,1849
178,09/05/2019 , 08:30:00,2213,2213
179,09/05/2019 , 08:45:00,2524,2524
180,09/05/2019 , 09:00:00,2289,2289
181,09/05/2019 , 09:15:00,6185,6185
182,09/05/2019 , 09:30:00,17165,17165
183,09/05/2019 , 09:45:00,19371,19371
184,09/05/2019 , 10:00:00,20832,20832
185,09/05/2019 , 10:15:00,22487,22487
186,09/05/2019 , 10:30:00,23507,23507
187,09/05/2019 , 10:45:00,25279,25279
188,09/05/2019 , 11:00:00,27235,27235
189,09/05/2019 , 11:15:00,29598,29598
190,09/05/2019 , 11:30:00,29333,29333
191,09/05/2019 , 11:45:00,35741,35741
192,09/05/2019 , 12:00:00,25980,25980
193,09/05/2019 , 12:15:00,35592,35592
194,09/05/2019 , 12:30:00,32757,32757
195,09/05/2019 , 12:45:00,37368,37368
196,09/05/2019 , 13:00:00,39575,39575
197,09/05/2019 , 13:15:00,34424,34424
198,09/05/2019 , 13:30:00,26054,26054
199,09/05/2019 , 13:45:00,23159,23159
200,09/05/2019 , 14:00:00,45525,45525
201,09/05/2019 , 14:15:00,14489,14489
202,09/05/2019 , 14:30:00,8029,8029
203,09/05/2019 , 14:45:00,9446,9446
204,09/05/2019 , 15:00:00,9391,9391
205,09/05/2019 , 15:15:00,11659,11659
206,09/05/2019 , 15:30:00,19000,19000
207,09/05/2019 , 15:45:00,9153,9153
208,09/05/2019 , 16:00:00,23249,23249
209,09/05/2019 , 16:15:00,20817,20817
210,09/05/2019 , 16:30:00,35292,35292
211,09/05/2019 , 16:45:00,19037,19037
212,09/05/2019 , 17:00:00,33143,33143
213,09/05/2019 , 17:15:00,31991,31991
214,09/05/2019 , 17:30:00,26723,26723
215,09/05/2019 , 17:45:00,14525,14525
216,09/05/2019 , 18:00:00,9901,9901
217,09/05/2019 , 18:15:00,9309,9309
218,09/05/2019 , 18:30:00,15658,15658
219,09/05/2019 , 18:45:00,5468,5468
220,09/05/2019 , 19:00:00,4253,4253
221,09/05/2019 , 19:15:00,4416,4416
222,09/05/2019 , 19:30:00,9388,9388
223,09/05/2019 , 19:45:00,6545,6545
224,09/05/2019 , 20:00:00,4983,4983
225,09/05/2019 , 20:15:00,4742,4742
226,09/05/2019 , 20:30:00,3138,3138
227,09/05/2019 , 20:45:00,2481,2481
228,09/05/2019 , 21:00:00,2291,2291
229,09/05/2019 , 21:15:00,1957,1957
230,09/05/2019 , 21:30:00,1426,1426
231,09/05/2019 , 21:45:00,1119,1119
232,09/05/2019 , 22:00:00,795,795
233,09/05/2019 , 22:15:00,540,540
234,09/05/2019 , 22:30:00,346,346
235,09/05/2019 , 22:45:00,237,237
236,09/05/2019 , 23:00:00,97,97
237,09/05/2019 , 23:15:00,45,45
238,09/05/2019 , 23:30:00,20,20
239,09/05/2019 , 23:45:00,8,8
240,09/05/2019 , 24:00:00,3,3
241,10/05/2019 , 00:15:00,1,1
242,10/05/2019 , 00:30:00,0,0
243,10/05/2019 , 00:45:00,0,0
244,10/05/2019 , 01:00:00,0,0
245,10/05/2019 , 01:15:00,0,0
246,10/05/2019 , 01:30:00,0,0
247,10/05/2019 , 01:45:00,0,0
248,10/05/2019 , 02:00:00,0,0
249,10/05/2019 , 02:15:00,0,0
250,10/05/2019 , 02:30:00,0,0
251,10/05/2019 , 02:45:00,0,0
252,10/05/2019 , 03:00:00,0,0
253,10/05/2019 , 03:15:00,0,0
254,10/05/2019 , 03:30:00,0,0
255,10/05/2019 , 03:45:00,1,1
256,10/05/2019 , 04:00:00,5,5
257,10/05/2019 , 04:15:00,13,13
258,10/05/2019 , 04:30:00,32,32
259,10/05/2019 , 04:45:00,61,61
260,10/05/2019 , 05:00:00,104,104
261,10/05/2019 , 05:15:00,187,187
262,10/05/2019 , 05:30:00,451,451
263,10/05/2019 , 05:45:00,942,942
264,10/05/2019 , 06:00:00,1614,1614
265,10/05/2019 , 06:15:00,2086,2086
266,10/05/2019 , 06:30:00,2195,2195
267,10/05/2019 , 06:45:00,2530,2530
268,10/05/2019 , 07:00:00,3135,3135
269,10/05/2019 , 07:15:00,3484,3484
270,10/05/2019 , 07:30:00,3896,3896
271,10/05/2019 , 07:45:00,4143,4143
272,10/05/2019 , 08:00:00,4143,4143
273,10/05/2019 , 08:15:00,4545,4545
274,10/05/2019 , 08:30:00,5429,5429
275,10/05/2019 , 08:45:00,4938,4938
276,10/05/2019 , 09:00:00,4134,4134
277,10/05/2019 , 09:15:00,5703,5703
278,10/05/2019 , 09:30:00,6740,6740
279,10/05/2019 , 09:45:00,5929,5929
280,10/05/2019 , 10:00:00,6246,6246
281,10/05/2019 , 10:15:00,7045,7045
282,10/05/2019 , 10:30:00,5920,5920
283,10/05/2019 , 10:45:00,6319,6319
284,10/05/2019 , 11:00:00,10533,10533
285,10/05/2019 , 11:15:00,15201,15201
286,10/05/2019 , 11:30:00,17477,17477
287,10/05/2019 , 11:45:00,19924,19924
288,10/05/2019 , 12:00:00,17200,17200
289,10/05/2019 , 12:15:00,15558,15558
290,10/05/2019 , 12:30:00,13348,13348
291,10/05/2019 , 12:45:00,8329,8329
292,10/05/2019 , 13:00:00,19562,19562
293,10/05/2019 , 13:15:00,16559,16559
294,10/05/2019 , 13:30:00,28676,28676
295,10/05/2019 , 13:45:00,25941,25941
296,10/05/2019 , 14:00:00,17801,17801
297,10/05/2019 , 14:15:00,15203,15203
298,10/05/2019 , 14:30:00,17523,17523
299,10/05/2019 , 14:45:00,13042,13042
300,10/05/2019 , 15:00:00,9588,9588
301,10/05/2019 , 15:15:00,10795,10795
302,10/05/2019 , 15:30:00,11094,11094
303,10/05/2019 , 15:45:00,12408,12408
304,10/05/2019 , 16:00:00,20734,20734
305,10/05/2019 , 16:15:00,16131,16131
306,10/05/2019 , 16:30:00,10041,10041
307,10/05/2019 , 16:45:00,9397,9397
308,10/05/2019 , 17:00:00,10497,10497
309,10/05/2019 , 17:15:00,15101,15101
310,10/05/2019 , 17:30:00,17580,17580
311,10/05/2019 , 17:45:00,26922,26922
312,10/05/2019 , 18:00:00,27800,27800
313,10/05/2019 , 18:15:00,18600,18600
314,10/05/2019 , 18:30:00,16676,16676
315,10/05/2019 , 18:45:00,8528,8528
316,10/05/2019 , 19:00:00,6361,6361
317,10/05/2019 , 19:15:00,4564,4564
318,10/05/2019 , 19:30:00,10985,10985
319,10/05/2019 , 19:45:00,2599,2599
320,10/05/2019 , 20:00:00,2431,2431
321,10/05/2019 , 20:15:00,1846,1846
322,10/05/2019 , 20:30:00,1768,1768
323,10/05/2019 , 20:45:00,2134,2134
324,10/05/2019 , 21:00:00,1734,1734
325,10/05/2019 , 21:15:00,2046,2046
326,10/05/2019 , 21:30:00,1983,1983
327,10/05/2019 , 21:45:00,1333,1333
328,10/05/2019 , 22:00:00,842,842
329,10/05/2019 , 22:15:00,554,554
330,10/05/2019 , 22:30:00,388,388
331,10/05/2019 , 22:45:00,247,247
332,10/05/2019 , 23:00:00,131,131
333,10/05/2019 , 23:15:00,63,63
334,10/05/2019 , 23:30:00,26,26
335,10/05/2019 , 23:45:00,11,11
336,10/05/2019 , 24:00:00,4,4
337,11/05/2019 , 00:15:00,2,2
338,11/05/2019 , 00:30:00,1,1
339,11/05/2019 , 00:45:00,0,0
340,11/05/2019 , 01:00:00,0,0
341,11/05/2019 , 01:15:00,0,0
342,11/05/2019 , 01:30:00,0,0
343,11/05/2019 , 01:45:00,0,0
344,11/05/2019 , 02:00:00,0,0
345,11/05/2019 , 02:15:00,0,0
346,11/05/2019 , 02:30:00,0,0
347,11/05/2019 , 02:45:00,0,0
348,11/05/2019 , 03:00:00,0,0
349,11/05/2019 , 03:15:00,0,0
350,11/05/2019 , 03:30:00,2,2
351,11/05/2019 , 03:45:00,5,5
352,11/05/2019 , 04:00:00,14,14
353,11/05/2019 , 04:15:00,30,30
354,11/05/2019 , 04:30:00,64,64
355,11/05/2019 , 04:45:00,122,122
356,11/05/2019 , 05:00:00,191,191
357,11/05/2019 , 05:15:00,310,310
358,11/05/2019 , 05:30:00,541,541
359,11/05/2019 , 05:45:00,874,874
360,11/05/2019 , 06:00:00,1417,1417
361,11/05/2019 , 06:15:00,1572,1572
362,11/05/2019 , 06:30:00,2436,2436
363,11/05/2019 , 06:45:00,2263,2263
364,11/05/2019 , 07:00:00,1993,1993
365,11/05/2019 , 07:15:00,2055,2055
366,11/05/2019 , 07:30:00,2128,2128
367,11/05/2019 , 07:45:00,2278,2278
368,11/05/2019 , 08:00:00,2385,2385
369,11/05/2019 , 08:15:00,2718,2718
370,11/05/2019 , 08:30:00,4258,4258
371,11/05/2019 , 08:45:00,8485,8485
372,11/05/2019 , 09:00:00,7673,7673
373,11/05/2019 , 09:15:00,5741,5741
374,11/05/2019 , 09:30:00,18010,18010
375,11/05/2019 , 09:45:00,25315,25315
376,11/05/2019 , 10:00:00,26602,26602
377,11/05/2019 , 10:15:00,29894,29894
378,11/05/2019 , 10:30:00,27294,27294
379,11/05/2019 , 10:45:00,33856,33856
380,11/05/2019 , 11:00:00,15946,15946
381,11/05/2019 , 11:15:00,12408,12408
382,11/05/2019 , 11:30:00,14800,14800
383,11/05/2019 , 11:45:00,17275,17275
384,11/05/2019 , 12:00:00,15232,15232
385,11/05/2019 , 12:15:00,20800,20800
386,11/05/2019 , 12:30:00,24920,24920
387,11/05/2019 , 12:45:00,20475,20475
388,11/05/2019 , 13:00:00,24573,24573
389,11/05/2019 , 13:15:00,14724,14724
390,11/05/2019 , 13:30:00,25166,25166
391,11/05/2019 , 13:45:00,28567,28567
392,11/05/2019 , 14:00:00,37335,37335
393,11/05/2019 , 14:15:00,14867,14867
394,11/05/2019 , 14:30:00,19289,19289
395,11/05/2019 , 14:45:00,13978,13978
396,11/05/2019 , 15:00:00,16316,16316
397,11/05/2019 , 15:15:00,25533,25533
398,11/05/2019 , 15:30:00,18249,18249
399,11/05/2019 , 15:45:00,15735,15735
400,11/05/2019 , 16:00:00,17713,17713
401,11/05/2019 , 16:15:00,16366,16366
402,11/05/2019 , 16:30:00,28939,28939
403,11/05/2019 , 16:45:00,37587,37587
404,11/05/2019 , 17:00:00,39957,39957
405,11/05/2019 , 17:15:00,33410,33410
406,11/05/2019 , 17:30:00,24540,24540
407,11/05/2019 , 17:45:00,23790,23790
408,11/05/2019 , 18:00:00,12929,12929
409,11/05/2019 , 18:15:00,12898,12898
410,11/05/2019 , 18:30:00,13528,13528
411,11/05/2019 , 18:45:00,8539,8539
412,11/05/2019 , 19:00:00,8295,8295
413,11/05/2019 , 19:15:00,7853,7853
414,11/05/2019 , 19:30:00,7111,7111
415,11/05/2019 , 19:45:00,6026,6026
416,11/05/2019 , 20:00:00,5771,5771
417,11/05/2019 , 20:15:00,4674,4674
418,11/05/2019 , 20:30:00,2815,2815
419,11/05/2019 , 20:45:00,2067,2067
420,11/05/2019 , 21:00:00,2672,2672
421,11/05/2019 , 21:15:00,2930,2930
422,11/05/2019 , 21:30:00,2537,2537
423,11/05/2019 , 21:45:00,2129,2129
424,11/05/2019 , 22:00:00,1578,1578
425,11/05/2019 , 22:15:00,1063,1063
426,11/05/2019 , 22:30:00,628,628
427,11/05/2019 , 22:45:00,238,238
428,11/05/2019 , 23:00:00,121,121
429,11/05/2019 , 23:15:00,62,62
430,11/05/2019 , 23:30:00,30,30
431,11/05/2019 , 23:45:00,13,13
432,11/05/2019 , 24:00:00,5,5
433,12/05/2019 , 00:15:00,1,1
434,12/05/2019 , 00:30:00,1,1
435,12/05/2019 , 00:45:00,0,0
436,12/05/2019 , 01:00:00,0,0
437,12/05/2019 , 01:15:00,0,0
438,12/05/2019 , 01:30:00,0,0
439,12/05/2019 , 01:45:00,0,0
440,12/05/2019 , 02:00:00,0,0
441,12/05/2019 , 02:15:00,0,0
442,12/05/2019 , 02:30:00,0,0
443,12/05/2019 , 02:45:00,0,0
444,12/05/2019 , 03:00:00,1,1
445,12/05/2019 , 03:15:00,1,1
446,12/05/2019 , 03:30:00,4,4
447,12/05/2019 , 03:45:00,8,8
448,12/05/2019 , 04:00:00,20,20
449,12/05/2019 , 04:15:00,46,46
450,12/05/2019 , 04:30:00,75,75
451,12/05/2019 , 04:45:00,147,147
452,12/05/2019 , 05:00:00,252,252
453,12/05/2019 , 05:15:00,469,469
454,12/05/2019 , 05:30:00,745,745
455,12/05/2019 , 05:45:00,1047,1047
456,12/05/2019 , 06:00:00,1343,1343
457,12/05/2019 , 06:15:00,1665,1665
458,12/05/2019 , 06:30:00,1422,1422
459,12/05/2019 , 06:45:00,1563,1563
460,12/05/2019 , 07:00:00,1814,1814
461,12/05/2019 , 07:15:00,1934,1934
462,12/05/2019 , 07:30:00,2038,2038
463,12/05/2019 , 07:45:00,2136,2136
464,12/05/2019 , 08:00:00,2270,2270
465,12/05/2019 , 08:15:00,2850,2850
466,12/05/2019 , 08:30:00,2926,2926
467,12/05/2019 , 08:45:00,3837,3837
468,12/05/2019 , 09:00:00,5893,5893
469,12/05/2019 , 09:15:00,9153,9153
470,12/05/2019 , 09:30:00,17888,17888
471,12/05/2019 , 09:45:00,16727,16727
472,12/05/2019 , 10:00:00,15615,15615
473,12/05/2019 , 10:15:00,26437,26437
474,12/05/2019 , 10:30:00,27950,27950
475,12/05/2019 , 10:45:00,30667,30667
476,12/05/2019 , 11:00:00,13884,13884
477,12/05/2019 , 11:15:00,20258,20258
478,12/05/2019 , 11:30:00,31482,31482
479,12/05/2019 , 11:45:00,36329,36329
480,12/05/2019 , 12:00:00,32093,32093
481,12/05/2019 , 12:15:00,10157,10157
482,12/05/2019 , 12:30:00,12258,12258
483,12/05/2019 , 12:45:00,13663,13663
484,12/05/2019 , 13:00:00,28801,28801
485,12/05/2019 , 13:15:00,20663,20663
486,12/05/2019 , 13:30:00,13056,13056
487,12/05/2019 , 13:45:00,26211,26211
488,12/05/2019 , 14:00:00,36090,36090
489,12/05/2019 , 14:15:00,47090,47090
490,12/05/2019 , 14:30:00,36090,36090
491,12/05/2019 , 14:45:00,26631,26631
492,12/05/2019 , 15:00:00,26397,26397
493,12/05/2019 , 15:15:00,11588,11588
494,12/05/2019 , 15:30:00,7446,7446
495,12/05/2019 , 15:45:00,13464,13464
496,12/05/2019 , 16:00:00,35520,35520
497,12/05/2019 , 16:15:00,33945,33945
498,12/05/2019 , 16:30:00,9919,9919
499,12/05/2019 , 16:45:00,12497,12497
500,12/05/2019 , 17:00:00,20441,20441
501,12/05/2019 , 17:15:00,35055,35055
502,12/05/2019 , 17:30:00,36738,36738
503,12/05/2019 , 17:45:00,37372,37372
504,12/05/2019 , 18:00:00,30307,30307
505,12/05/2019 , 18:15:00,8614,8614
506,12/05/2019 , 18:30:00,6589,6589
507,12/05/2019 , 18:45:00,7114,7114
508,12/05/2019 , 19:00:00,6872,6872
509,12/05/2019 , 19:15:00,5397,5397
510,12/05/2019 , 19:30:00,6264,6264
511,12/05/2019 , 19:45:00,4479,4479
512,12/05/2019 , 20:00:00,3971,3971
513,12/05/2019 , 20:15:00,4013,4013
514,12/05/2019 , 20:30:00,4173,4173
515,12/05/2019 , 20:45:00,3617,3617
516,12/05/2019 , 21:00:00,2955,2955
517,12/05/2019 , 21:15:00,2370,2370
518,12/05/2019 , 21:30:00,1875,1875
519,12/05/2019 , 21:45:00,1679,1679
520,12/05/2019 , 22:00:00,1405,1405
521,12/05/2019 , 22:15:00,983,983
522,12/05/2019 , 22:30:00,617,617
523,12/05/2019 , 22:45:00,368,368
524,12/05/2019 , 23:00:00,184,184
525,12/05/2019 , 23:15:00,92,92
526,12/05/2019 , 23:30:00,46,46
527,12/05/2019 , 23:45:00,19,19
528,12/05/2019 , 24:00:00,8,8
529,13/05/2019 , 00:15:00,4,4
530,13/05/2019 , 00:30:00,1,1
531,13/05/2019 , 00:45:00,1,1
532,13/05/2019 , 01:00:00,0,0
533,13/05/2019 , 01:15:00,0,0
534,13/05/2019 , 01:30:00,0,0
535,13/05/2019 , 01:45:00,0,0
536,13/05/2019 , 02:00:00,0,0
537,13/05/2019 , 02:15:00,0,0
538,13/05/2019 , 02:30:00,1,1
539,13/05/2019 , 02:45:00,0,0
540,13/05/2019 , 03:00:00,1,1
541,13/05/2019 , 03:15:00,1,1
542,13/05/2019 , 03:30:00,5,5
543,13/05/2019 , 03:45:00,10,10
544,13/05/2019 , 04:00:00,23,23
545,13/05/2019 , 04:15:00,53,53
546,13/05/2019 , 04:30:00,110,110
547,13/05/2019 , 04:45:00,242,242
548,13/05/2019 , 05:00:00,426,426
549,13/05/2019 , 05:15:00,730,730
550,13/05/2019 , 05:30:00,1103,1103
551,13/05/2019 , 05:45:00,1519,1519
552,13/05/2019 , 06:00:00,1817,1817
553,13/05/2019 , 06:15:00,2116,2116
554,13/05/2019 , 06:30:00,2392,2392
555,13/05/2019 , 06:45:00,2695,2695
556,13/05/2019 , 07:00:00,3388,3388
557,13/05/2019 , 07:15:00,3942,3942
558,13/05/2019 , 07:30:00,5096,5096
559,13/05/2019 , 07:45:00,6704,6704
560,13/05/2019 , 08:00:00,8106,8106
561,13/05/2019 , 08:15:00,6976,6976
562,13/05/2019 , 08:30:00,6791,6791
563,13/05/2019 , 08:45:00,10360,10360
564,13/05/2019 , 09:00:00,9620,9620
565,13/05/2019 , 09:15:00,10798,10798
566,13/05/2019 , 09:30:00,10847,10847
567,13/05/2019 , 09:45:00,12732,12732
568,13/05/2019 , 10:00:00,18759,18759
569,13/05/2019 , 10:15:00,23704,23704
570,13/05/2019 , 10:30:00,25378,25378
571,13/05/2019 , 10:45:00,26877,26877
572,13/05/2019 , 11:00:00,27848,27848
573,13/05/2019 , 11:15:00,25964,25964
574,13/05/2019 , 11:30:00,29088,29088
575,13/05/2019 , 11:45:00,25830,25830
576,13/05/2019 , 12:00:00,20280,20280
577,13/05/2019 , 12:15:00,29546,29546
578,13/05/2019 , 12:30:00,36812,36812
579,13/05/2019 , 12:45:00,36455,36455
580,13/05/2019 , 13:00:00,38994,38994
581,13/05/2019 , 13:15:00,29491,29491
582,13/05/2019 , 13:30:00,23255,23255
583,13/05/2019 , 13:45:00,19786,19786
584,13/05/2019 , 14:00:00,19101,19101
585,13/05/2019 , 14:15:00,22896,22896
586,13/05/2019 , 14:30:00,22312,22312
587,13/05/2019 , 14:45:00,31696,31696
588,13/05/2019 , 15:00:00,25372,25372
589,13/05/2019 , 15:15:00,33726,33726
590,13/05/2019 , 15:30:00,29574,29574
591,13/05/2019 , 15:45:00,26477,26477
592,13/05/2019 , 16:00:00,32155,32155
593,13/05/2019 , 16:15:00,17842,17842
594,13/05/2019 , 16:30:00,20089,20089
595,13/05/2019 , 16:45:00,13384,13384
596,13/05/2019 , 17:00:00,16370,16370
597,13/05/2019 , 17:15:00,16062,16062
598,13/05/2019 , 17:30:00,13201,13201
599,13/05/2019 , 17:45:00,13564,13564
600,13/05/2019 , 18:00:00,9756,9756
601,13/05/2019 , 18:15:00,11513,11513
602,13/05/2019 , 18:30:00,13611,13611
603,13/05/2019 , 18:45:00,4987,4987
604,13/05/2019 , 19:00:00,5189,5189
605,13/05/2019 , 19:15:00,5087,5087
606,13/05/2019 , 19:30:00,8703,8703
607,13/05/2019 , 19:45:00,5122,5122
608,13/05/2019 , 20:00:00,5438,5438
609,13/05/2019 , 20:15:00,5052,5052
610,13/05/2019 , 20:30:00,4433,4433
611,13/05/2019 , 20:45:00,3532,3532
612,13/05/2019 , 21:00:00,2476,2476
613,13/05/2019 , 21:15:00,2153,2153
614,13/05/2019 , 21:30:00,1993,1993
615,13/05/2019 , 21:45:00,1584,1584
616,13/05/2019 , 22:00:00,1329,1329
617,13/05/2019 , 22:15:00,821,821
618,13/05/2019 , 22:30:00,490,490
619,13/05/2019 , 22:45:00,341,341
620,13/05/2019 , 23:00:00,188,188
621,13/05/2019 , 23:15:00,94,94
622,13/05/2019 , 23:30:00,46,46
623,13/05/2019 , 23:45:00,21,21
624,13/05/2019 , 24:00:00,9,9
625,14/05/2019 , 00:15:00,4,4
626,14/05/2019 , 00:30:00,2,2
627,14/05/2019 , 00:45:00,1,1
628,14/05/2019 , 01:00:00,1,1
629,14/05/2019 , 01:15:00,0,0
630,14/05/2019 , 01:30:00,0,0
631,14/05/2019 , 01:45:00,0,0
632,14/05/2019 , 02:00:00,0,0
633,14/05/2019 , 02:15:00,1,1
634,14/05/2019 , 02:30:00,0,0
635,14/05/2019 , 02:45:00,1,1
636,14/05/2019 , 03:00:00,2,2
637,14/05/2019 , 03:15:00,3,3
638,14/05/2019 , 03:30:00,7,7
639,14/05/2019 , 03:45:00,17,17
640,14/05/2019 , 04:00:00,42,42
641,14/05/2019 , 04:15:00,105,105
642,14/05/2019 , 04:30:00,163,163
643,14/05/2019 , 04:45:00,206,206
644,14/05/2019 , 05:00:00,306,306
645,14/05/2019 , 05:15:00,415,415
646,14/05/2019 , 05:30:00,568,568
647,14/05/2019 , 05:45:00,921,921
648,14/05/2019 , 06:00:00,1387,1387
649,14/05/2019 , 06:15:00,1659,1659
650,14/05/2019 , 06:30:00,1672,1672
651,14/05/2019 , 06:45:00,2809,2809
652,14/05/2019 , 07:00:00,3973,3973
653,14/05/2019 , 07:15:00,4264,4264
654,14/05/2019 , 07:30:00,4996,4996
655,14/05/2019 , 07:45:00,6285,6285
656,14/05/2019 , 08:00:00,6979,6979
657,14/05/2019 , 08:15:00,8252,8252
658,14/05/2019 , 08:30:00,9796,9796
659,14/05/2019 , 08:45:00,10934,10934
660,14/05/2019 , 09:00:00,11125,11125
661,14/05/2019 , 09:15:00,11815,11815
662,14/05/2019 , 09:30:00,11625,11625
663,14/05/2019 , 09:45:00,12634,12634
664,14/05/2019 , 10:00:00,13967,13967
665,14/05/2019 , 10:15:00,17217,17217
666,14/05/2019 , 10:30:00,20386,20386
667,14/05/2019 , 10:45:00,20098,20098
668,14/05/2019 , 11:00:00,15948,15948
669,14/05/2019 , 11:15:00,21995,21995
670,14/05/2019 , 11:30:00,19397,19397
671,14/05/2019 , 11:45:00,24551,24551
672,14/05/2019 , 12:00:00,25325,25325
673,14/05/2019 , 12:15:00,29949,29949
674,14/05/2019 , 12:30:00,30227,30227
675,14/05/2019 , 12:45:00,29453,29453
676,14/05/2019 , 13:00:00,34001,34001
677,14/05/2019 , 13:15:00,34008,34008
678,14/05/2019 , 13:30:00,34132,34132
679,14/05/2019 , 13:45:00,36928,36928
680,14/05/2019 , 14:00:00,25691,25691
681,14/05/2019 , 14:15:00,37141,37141
682,14/05/2019 , 14:30:00,34467,34467
683,14/05/2019 , 14:45:00,28456,28456
684,14/05/2019 , 15:00:00,30022,30022
685,14/05/2019 , 15:15:00,36745,36745
686,14/05/2019 , 15:30:00,24305,24305
687,14/05/2019 , 15:45:00,25874,25874
688,14/05/2019 , 16:00:00,30483,30483
689,14/05/2019 , 16:15:00,24394,24394
690,14/05/2019 , 16:30:00,24103,24103
691,14/05/2019 , 16:45:00,24130,24130
692,14/05/2019 , 17:00:00,22519,22519
693,14/05/2019 , 17:15:00,19149,19149
694,14/05/2019 , 17:30:00,17327,17327
695,14/05/2019 , 17:45:00,14914,14914
696,14/05/2019 , 18:00:00,12357,12357
697,14/05/2019 , 18:15:00,13081,13081
698,14/05/2019 , 18:30:00,11338,11338
699,14/05/2019 , 18:45:00,8017,8017
700,14/05/2019 , 19:00:00,7334,7334
701,14/05/2019 , 19:15:00,7522,7522
702,14/05/2019 , 19:30:00,7654,7654
703,14/05/2019 , 19:45:00,6339,6339
704,14/05/2019 , 20:00:00,4772,4772
705,14/05/2019 , 20:15:00,4499,4499
706,14/05/2019 , 20:30:00,4739,4739
707,14/05/2019 , 20:45:00,4472,4472
708,14/05/2019 , 21:00:00,3649,3649
709,14/05/2019 , 21:15:00,2649,2649
710,14/05/2019 , 21:30:00,1988,1988
711,14/05/2019 , 21:45:00,1808,1808
712,14/05/2019 , 22:00:00,1339,1339
713,14/05/2019 , 22:15:00,952,952
714,14/05/2019 , 22:30:00,636,636
715,14/05/2019 , 22:45:00,367,367
716,14/05/2019 , 23:00:00,201,201
717,14/05/2019 , 23:15:00,107,107
718,14/05/2019 , 23:30:00,52,52
719,14/05/2019 , 23:45:00,23,23
720,14/05/2019 , 24:00:00,11,11
721,15/05/2019 , 00:15:00,5,5
722,15/05/2019 , 00:30:00,3,3
723,15/05/2019 , 00:45:00,1,1
724,15/05/2019 , 01:00:00,1,1
725,15/05/2019 , 01:15:00,0,0
726,15/05/2019 , 01:30:00,1,1
727,15/05/2019 , 01:45:00,0,0
728,15/05/2019 , 02:00:00,0,0
729,15/05/2019 , 02:15:00,1,1
730,15/05/2019 , 02:30:00,0,0
731,15/05/2019 , 02:45:00,2,2
732,15/05/2019 , 03:00:00,2,2
733,15/05/2019 , 03:15:00,5,5
734,15/05/2019 , 03:30:00,11,11
735,15/05/2019 , 03:45:00,30,30
736,15/05/2019 , 04:00:00,74,74
737,15/05/2019 , 04:15:00,153,153
738,15/05/2019 , 04:30:00,232,232
739,15/05/2019 , 04:45:00,356,356
740,15/05/2019 , 05:00:00,593,593
741,15/05/2019 , 05:15:00,933,933
742,15/05/2019 , 05:30:00,1381,1381
743,15/05/2019 , 05:45:00,1879,1879
744,15/05/2019 , 06:00:00,2276,2276
745,15/05/2019 , 06:15:00,2491,2491
746,15/05/2019 , 06:30:00,2707,2707
747,15/05/2019 , 06:45:00,2898,2898
748,15/05/2019 , 07:00:00,3009,3009
749,15/05/2019 , 07:15:00,2964,2964
750,15/05/2019 , 07:30:00,2978,2978
751,15/05/2019 , 07:45:00,2958,2958
752,15/05/2019 , 08:00:00,3133,3133
753,15/05/2019 , 08:15:00,3354,3354
754,15/05/2019 , 08:30:00,3382,3382
755,15/05/2019 , 08:45:00,3381,3381
756,15/05/2019 , 09:00:00,3529,3529
757,15/05/2019 , 09:15:00,7523,7523
758,15/05/2019 , 09:30:00,21774,21774
759,15/05/2019 , 09:45:00,23471,23471
760,15/05/2019 , 10:00:00,24827,24827
761,15/05/2019 , 10:15:00,25935,25935
762,15/05/2019 , 10:30:00,27398,27398
763,15/05/2019 , 10:45:00,28963,28963
764,15/05/2019 , 11:00:00,30700,30700
765,15/05/2019 , 11:15:00,29033,29033
766,15/05/2019 , 11:30:00,15889,15889
767,15/05/2019 , 11:45:00,34623,34623
768,15/05/2019 , 12:00:00,36222,36222
769,15/05/2019 , 12:15:00,36691,36691
770,15/05/2019 , 12:30:00,37863,37863
771,15/05/2019 , 12:45:00,38767,38767
772,15/05/2019 , 13:00:00,39063,39063
773,15/05/2019 , 13:15:00,32842,32842
774,15/05/2019 , 13:30:00,16408,16408
775,15/05/2019 , 13:45:00,20553,20553
776,15/05/2019 , 14:00:00,38495,38495
777,15/05/2019 , 14:15:00,42265,42265
778,15/05/2019 , 14:30:00,18447,18447
779,15/05/2019 , 14:45:00,10914,10914
780,15/05/2019 , 15:00:00,17904,17904
781,15/05/2019 , 15:15:00,18438,18438
782,15/05/2019 , 15:30:00,21377,21377
783,15/05/2019 , 15:45:00,24995,24995
784,15/05/2019 , 16:00:00,10673,10673
785,15/05/2019 , 16:15:00,8361,8361
786,15/05/2019 , 16:30:00,10465,10465
787,15/05/2019 , 16:45:00,9273,9273
788,15/05/2019 , 17:00:00,7321,7321
789,15/05/2019 , 17:15:00,7004,7004
790,15/05/2019 , 17:30:00,14760,14760
791,15/05/2019 , 17:45:00,36420,36420
792,15/05/2019 , 18:00:00,11366,11366
793,15/05/2019 , 18:15:00,5909,5909
794,15/05/2019 , 18:30:00,7551,7551
795,15/05/2019 , 18:45:00,5293,5293
796,15/05/2019 , 19:00:00,4769,4769
797,15/05/2019 , 19:15:00,6787,6787
798,15/05/2019 , 19:30:00,4025,4025
799,15/05/2019 , 19:45:00,3495,3495
800,15/05/2019 , 20:00:00,2900,2900
801,15/05/2019 , 20:15:00,4517,4517
802,15/05/2019 , 20:30:00,4452,4452
803,15/05/2019 , 20:45:00,4174,4174
804,15/05/2019 , 21:00:00,3069,3069
805,15/05/2019 , 21:15:00,2829,2829
806,15/05/2019 , 21:30:00,1884,1884
807,15/05/2019 , 21:45:00,1382,1382
808,15/05/2019 , 22:00:00,989,989
809,15/05/2019 , 22:15:00,782,782
810,15/05/2019 , 22:30:00,618,618
811,15/05/2019 , 22:45:00,424,424
812,15/05/2019 , 23:00:00,273,273
813,15/05/2019 , 23:15:00,161,161
814,15/05/2019 , 23:30:00,85,85
815,15/05/2019 , 23:45:00,41,41
816,15/05/2019 , 24:00:00,19,19
817,16/05/2019 , 00:15:00,9,9
818,16/05/2019 , 00:30:00,4,4
819,16/05/2019 , 00:45:00,2,2
820,16/05/2019 , 01:00:00,2,2
821,16/05/2019 , 01:15:00,0,0
822,16/05/2019 , 01:30:00,1,1
823,16/05/2019 , 01:45:00,0,0
824,16/05/2019 , 02:00:00,1,1
825,16/05/2019 , 02:15:00,1,1
826,16/05/2019 , 02:30:00,1,1
827,16/05/2019 , 02:45:00,2,2
828,16/05/2019 , 03:00:00,3,3
829,16/05/2019 , 03:15:00,7,7
830,16/05/2019 , 03:30:00,14,14
831,16/05/2019 , 03:45:00,31,31
832,16/05/2019 , 04:00:00,69,69
833,16/05/2019 , 04:15:00,141,141
834,16/05/2019 , 04:30:00,272,272
835,16/05/2019 , 04:45:00,442,442
836,16/05/2019 , 05:00:00,615,615
837,16/05/2019 , 05:15:00,837,837
838,16/05/2019 , 05:30:00,1031,1031
839,16/05/2019 , 05:45:00,1203,1203
840,16/05/2019 , 06:00:00,1381,1381
841,16/05/2019 , 06:15:00,1567,1567
842,16/05/2019 , 06:30:00,1706,1706
843,16/05/2019 , 06:45:00,1860,1860
844,16/05/2019 , 07:00:00,2048,2048
845,16/05/2019 , 07:15:00,2140,2140
846,16/05/2019 , 07:30:00,2259,2259
847,16/05/2019 , 07:45:00,2351,2351
848,16/05/2019 , 08:00:00,3129,3129
849,16/05/2019 , 08:15:00,3218,3218
850,16/05/2019 , 08:30:00,2850,2850
851,16/05/2019 , 08:45:00,3330,3330
852,16/05/2019 , 09:00:00,2969,2969
853,16/05/2019 , 09:15:00,5162,5162
854,16/05/2019 , 09:30:00,25752,25752
855,16/05/2019 , 09:45:00,27931,27931
856,16/05/2019 , 10:00:00,29391,29391
857,16/05/2019 , 10:15:00,31001,31001
858,16/05/2019 , 10:30:00,32468,32468
859,16/05/2019 , 10:45:00,34096,34096
860,16/05/2019 , 11:00:00,35503,35503
861,16/05/2019 , 11:15:00,36846,36846
862,16/05/2019 , 11:30:00,38146,38146
863,16/05/2019 , 11:45:00,39259,39259
864,16/05/2019 , 12:00:00,40387,40387
865,16/05/2019 , 12:15:00,41351,41351
866,16/05/2019 , 12:30:00,42200,42200
867,16/05/2019 , 12:45:00,42924,42924
868,16/05/2019 , 13:00:00,43530,43530
869,16/05/2019 , 13:15:00,43980,43980
870,16/05/2019 , 13:30:00,44273,44273
871,16/05/2019 , 13:45:00,44419,44419
872,16/05/2019 , 14:00:00,44494,44494
873,16/05/2019 , 14:15:00,44412,44412
874,16/05/2019 , 14:30:00,44102,44102
875,16/05/2019 , 14:45:00,43865,43865
876,16/05/2019 , 15:00:00,43576,43576
877,16/05/2019 , 15:15:00,43177,43177
878,16/05/2019 , 15:30:00,37746,37746
879,16/05/2019 , 15:45:00,17062,17062
880,16/05/2019 , 16:00:00,13388,13388
881,16/05/2019 , 16:15:00,8034,8034
882,16/05/2019 , 16:30:00,2349,2349
883,16/05/2019 , 16:45:00,5933,5933
884,16/05/2019 , 17:00:00,11986,11986
885,16/05/2019 , 17:15:00,9869,9869
886,16/05/2019 , 17:30:00,8460,8460
887,16/05/2019 , 17:45:00,16296,16296
888,16/05/2019 , 18:00:00,21776,21776
889,16/05/2019 , 18:15:00,13106,13106
890,16/05/2019 , 18:30:00,5741,5741
891,16/05/2019 , 18:45:00,6526,6526
892,16/05/2019 , 19:00:00,6199,6199
893,16/05/2019 , 19:15:00,5136,5136
894,16/05/2019 , 19:30:00,2273,2273
895,16/05/2019 , 19:45:00,925,925
896,16/05/2019 , 20:00:00,1672,1672
897,16/05/2019 , 20:15:00,3260,3260
898,16/05/2019 , 20:30:00,3949,3949
899,16/05/2019 , 20:45:00,3562,3562
900,16/05/2019 , 21:00:00,2724,2724
901,16/05/2019 , 21:15:00,2258,2258
902,16/05/2019 , 21:30:00,2050,2050
903,16/05/2019 , 21:45:00,1698,1698
904,16/05/2019 , 22:00:00,1340,1340
905,16/05/2019 , 22:15:00,1134,1134
906,16/05/2019 , 22:30:00,619,619
907,16/05/2019 , 22:45:00,395,395
908,16/05/2019 , 23:00:00,284,284
909,16/05/2019 , 23:15:00,192,192
910,16/05/2019 , 23:30:00,110,110
911,16/05/2019 , 23:45:00,38,38
912,16/05/2019 , 24:00:00,10,10
913,17/05/2019 , 00:15:00,8,8
914,17/05/2019 , 00:30:00,0,0
915,17/05/2019 , 00:45:00,0,0
916,17/05/2019 , 01:00:00,0,0
917,17/05/2019 , 01:15:00,0,0
918,17/05/2019 , 01:30:00,0,0
919,17/05/2019 , 01:45:00,0,0
920,17/05/2019 , 02:00:00,0,0
921,17/05/2019 , 02:15:00,0,0
922,17/05/2019 , 02:30:00,0,0
923,17/05/2019 , 02:45:00,0,0
924,17/05/2019 , 03:00:00,0,0
925,17/05/2019 , 03:15:00,3,3
926,17/05/2019 , 03:30:00,7,7
927,17/05/2019 , 03:45:00,18,18
928,17/05/2019 , 04:00:00,34,34
929,17/05/2019 , 04:15:00,62,62
930,17/05/2019 , 04:30:00,104,104
931,17/05/2019 , 04:45:00,187,187
932,17/05/2019 , 05:00:00,361,361
933,17/05/2019 , 05:15:00,608,608
934,17/05/2019 , 05:30:00,875,875
935,17/05/2019 , 05:45:00,1060,1060
936,17/05/2019 , 06:00:00,1202,1202
937,17/05/2019 , 06:15:00,1446,1446
938,17/05/2019 , 06:30:00,1641,1641
939,17/05/2019 , 06:45:00,2014,2014
940,17/05/2019 , 07:00:00,2409,2409
941,17/05/2019 , 07:15:00,2965,2965
942,17/05/2019 , 07:30:00,3233,3233
943,17/05/2019 , 07:45:00,4308,4308
944,17/05/2019 , 08:00:00,5148,5148
945,17/05/2019 , 08:15:00,6371,6371
946,17/05/2019 , 08:30:00,6677,6677
947,17/05/2019 , 08:45:00,7343,7343
948,17/05/2019 , 09:00:00,7905,7905
949,17/05/2019 , 09:15:00,9164,9164
950,17/05/2019 , 09:30:00,8943,8943
951,17/05/2019 , 09:45:00,6804,6804
952,17/05/2019 , 10:00:00,10097,10097
953,17/05/2019 , 10:15:00,18107,18107
954,17/05/2019 , 10:30:00,25326,25326
955,17/05/2019 , 10:45:00,29001,29001
956,17/05/2019 , 11:00:00,32702,32702
957,17/05/2019 , 11:15:00,32744,32744
958,17/05/2019 , 11:30:00,37744,37744
959,17/05/2019 , 11:45:00,27866,27866
960,17/05/2019 , 12:00:00,42324,42324
961,17/05/2019 , 12:15:00,42322,42322
962,17/05/2019 , 12:30:00,42957,42957
963,17/05/2019 , 12:45:00,44236,44236
964,17/05/2019 , 13:00:00,46392,46392
965,17/05/2019 , 13:15:00,32437,32437
966,17/05/2019 , 13:30:00,40836,40836
967,17/05/2019 , 13:45:00,23356,23356
968,17/05/2019 , 14:00:00,31596,31596
969,17/05/2019 , 14:15:00,14421,14421
970,17/05/2019 , 14:30:00,14846,14846
971,17/05/2019 , 14:45:00,14525,14525
972,17/05/2019 , 15:00:00,10947,10947
973,17/05/2019 , 15:15:00,14710,14710
974,17/05/2019 , 15:30:00,20871,20871
975,17/05/2019 , 15:45:00,43459,43459
976,17/05/2019 , 16:00:00,39957,39957
977,17/05/2019 , 16:15:00,30824,30824
978,17/05/2019 , 16:30:00,35626,35626
979,17/05/2019 , 16:45:00,32646,32646
980,17/05/2019 , 17:00:00,34306,34306
981,17/05/2019 , 17:15:00,36484,36484
982,17/05/2019 , 17:30:00,35955,35955
983,17/05/2019 , 17:45:00,25737,25737
984,17/05/2019 , 18:00:00,21756,21756
985,17/05/2019 , 18:15:00,13143,13143
986,17/05/2019 , 18:30:00,9347,9347
987,17/05/2019 , 18:45:00,7619,7619
988,17/05/2019 , 19:00:00,6538,6538
989,17/05/2019 , 19:15:00,6291,6291
990,17/05/2019 , 19:30:00,7736,7736
991,17/05/2019 , 19:45:00,7869,7869
992,17/05/2019 , 20:00:00,6769,6769
993,17/05/2019 , 20:15:00,6313,6313
994,17/05/2019 , 20:30:00,5507,5507
995,17/05/2019 , 20:45:00,3922,3922
996,17/05/2019 , 21:00:00,3264,3264
997,17/05/2019 , 21:15:00,2728,2728
998,17/05/2019 , 21:30:00,1803,1803
999,17/05/2019 , 21:45:00,1526,1526
1000,17/05/2019 , 22:00:00,1154,1154
1001,17/05/2019 , 22:15:00,982,982
1002,17/05/2019 , 22:30:00,797,797
1003,17/05/2019 , 22:45:00,584,584
1004,17/05/2019 , 23:00:00,337,337
1005,17/05/2019 , 23:15:00,192,192
1006,17/05/2019 , 23:30:00,105,105
1007,17/05/2019 , 23:45:00,53,53
1008,17/05/2019 , 24:00:00,27,27
1009,18/05/2019 , 00:15:00,14,14
1010,18/05/2019 , 00:30:00,7,7
1011,18/05/2019 , 00:45:00,3,3
1012,18/05/2019 , 01:00:00,3,3
1013,18/05/2019 , 01:15:00,1,1
1014,18/05/2019 , 01:30:00,1,1
1015,18/05/2019 , 01:45:00,2,2
1016,18/05/2019 , 02:00:00,1,1
1017,18/05/2019 , 02:15:00,1,1
1018,18/05/2019 , 02:30:00,3,3
1019,18/05/2019 , 02:45:00,3,3
1020,18/05/2019 , 03:00:00,5,5
1021,18/05/2019 , 03:15:00,10,10
1022,18/05/2019 , 03:30:00,20,20
1023,18/05/2019 , 03:45:00,47,47
1024,18/05/2019 , 04:00:00,99,99
1025,18/05/2019 , 04:15:00,165,165
1026,18/05/2019 , 04:30:00,256,256
1027,18/05/2019 , 04:45:00,396,396
1028,18/05/2019 , 05:00:00,531,531
1029,18/05/2019 , 05:15:00,712,712
1030,18/05/2019 , 05:30:00,1020,1020
1031,18/05/2019 , 05:45:00,1274,1274
1032,18/05/2019 , 06:00:00,1535,1535
1033,18/05/2019 , 06:15:00,1680,1680
1034,18/05/2019 , 06:30:00,1824,1824
1035,18/05/2019 , 06:45:00,2035,2035
1036,18/05/2019 , 07:00:00,2217,2217
1037,18/05/2019 , 07:15:00,3753,3753
1038,18/05/2019 , 07:30:00,6315,6315
1039,18/05/2019 , 07:45:00,6258,6258
1040,18/05/2019 , 08:00:00,3553,3553
1041,18/05/2019 , 08:15:00,4033,4033
1042,18/05/2019 , 08:30:00,3076,3076
1043,18/05/2019 , 08:45:00,3271,3271
1044,18/05/2019 , 09:00:00,3858,3858
1045,18/05/2019 , 09:15:00,8118,8118
1046,18/05/2019 , 09:30:00,28776,28776
1047,18/05/2019 , 09:45:00,32154,32154
1048,18/05/2019 , 10:00:00,28893,28893
1049,18/05/2019 , 10:15:00,32690,32690
1050,18/05/2019 , 10:30:00,26393,26393
1051,18/05/2019 , 10:45:00,19995,19995
1052,18/05/2019 , 11:00:00,17269,17269
1053,18/05/2019 , 11:15:00,24399,24399
1054,18/05/2019 , 11:30:00,33028,33028
1055,18/05/2019 , 11:45:00,41131,41131
1056,18/05/2019 , 12:00:00,41809,41809
1057,18/05/2019 , 12:15:00,42339,42339
1058,18/05/2019 , 12:30:00,33848,33848
1059,18/05/2019 , 12:45:00,37253,37253
1060,18/05/2019 , 13:00:00,25744,25744
1061,18/05/2019 , 13:15:00,43648,43648
1062,18/05/2019 , 13:30:00,31358,31358
1063,18/05/2019 , 13:45:00,34955,34955
1064,18/05/2019 , 14:00:00,19190,19190
1065,18/05/2019 , 14:15:00,19132,19132
1066,18/05/2019 , 14:30:00,20088,20088
1067,18/05/2019 , 14:45:00,15383,15383
1068,18/05/2019 , 15:00:00,6796,6796
1069,18/05/2019 , 15:15:00,2317,2317
1070,18/05/2019 , 15:30:00,1128,1128
1071,18/05/2019 , 15:45:00,2743,2743
1072,18/05/2019 , 16:00:00,3597,3597
1073,18/05/2019 , 16:15:00,4458,4458
1074,18/05/2019 , 16:30:00,5035,5035
1075,18/05/2019 , 16:45:00,4700,4700
1076,18/05/2019 , 17:00:00,3843,3843
1077,18/05/2019 , 17:15:00,3810,3810
1078,18/05/2019 , 17:30:00,4226,4226
1079,18/05/2019 , 17:45:00,4220,4220
1080,18/05/2019 , 18:00:00,5102,5102
1081,18/05/2019 , 18:15:00,5027,5027
1082,18/05/2019 , 18:30:00,5532,5532
1083,18/05/2019 , 18:45:00,4500,4500
1084,18/05/2019 , 19:00:00,5841,5841
1085,18/05/2019 , 19:15:00,6108,6108
1086,18/05/2019 , 19:30:00,9590,9590
1087,18/05/2019 , 19:45:00,8633,8633
1088,18/05/2019 , 20:00:00,4300,4300
1089,18/05/2019 , 20:15:00,2402,2402
1090,18/05/2019 , 20:30:00,1829,1829
1091,18/05/2019 , 20:45:00,1082,1082
1092,18/05/2019 , 21:00:00,942,942
1093,18/05/2019 , 21:15:00,1680,1680
1094,18/05/2019 , 21:30:00,1623,1623
1095,18/05/2019 , 21:45:00,934,934
1096,18/05/2019 , 22:00:00,651,651
1097,18/05/2019 , 22:15:00,456,456
1098,18/05/2019 , 22:30:00,379,379
1099,18/05/2019 , 22:45:00,176,176
1100,18/05/2019 , 23:00:00,149,149
1101,18/05/2019 , 23:15:00,135,135
1102,18/05/2019 , 23:30:00,78,78
1103,18/05/2019 , 23:45:00,40,40
1104,18/05/2019 , 24:00:00,19,19
1105,19/05/2019 , 00:15:00,7,7
1106,19/05/2019 , 00:30:00,3,3
1107,19/05/2019 , 00:45:00,3,3
1108,19/05/2019 , 01:00:00,2,2
1109,19/05/2019 , 01:15:00,1,1
1110,19/05/2019 , 01:30:00,1,1
1111,19/05/2019 , 01:45:00,1,1
1112,19/05/2019 , 02:00:00,0,0
1113,19/05/2019 , 02:15:00,1,1
1114,19/05/2019 , 02:30:00,1,1
1115,19/05/2019 , 02:45:00,3,3
1116,19/05/2019 , 03:00:00,3,3
1117,19/05/2019 , 03:15:00,5,5
1118,19/05/2019 , 03:30:00,12,12
1119,19/05/2019 , 03:45:00,22,22
1120,19/05/2019 , 04:00:00,40,40
1121,19/05/2019 , 04:15:00,77,77
1122,19/05/2019 , 04:30:00,150,150
1123,19/05/2019 , 04:45:00,244,244
1124,19/05/2019 , 05:00:00,337,337
1125,19/05/2019 , 05:15:00,534,534
1126,19/05/2019 , 05:30:00,921,921
1127,19/05/2019 , 05:45:00,1244,1244
1128,19/05/2019 , 06:00:00,1566,1566
1129,19/05/2019 , 06:15:00,2210,2210
1130,19/05/2019 , 06:30:00,2643,2643
1131,19/05/2019 , 06:45:00,2754,2754
1132,19/05/2019 , 07:00:00,3244,3244
1133,19/05/2019 , 07:15:00,3837,3837
1134,19/05/2019 , 07:30:00,4788,4788
1135,19/05/2019 , 07:45:00,5092,5092
1136,19/05/2019 , 08:00:00,5502,5502
1137,19/05/2019 , 08:15:00,6580,6580
1138,19/05/2019 , 08:30:00,7225,7225
1139,19/05/2019 , 08:45:00,7898,7898
1140,19/05/2019 , 09:00:00,8271,8271
1141,19/05/2019 , 09:15:00,9399,9399
1142,19/05/2019 , 09:30:00,17866,17866
1143,19/05/2019 , 09:45:00,23517,23517
1144,19/05/2019 , 10:00:00,26670,26670
1145,19/05/2019 , 10:15:00,28872,28872
1146,19/05/2019 , 10:30:00,31195,31195
1147,19/05/2019 , 10:45:00,33371,33371
1148,19/05/2019 , 11:00:00,34778,34778
1149,19/05/2019 , 11:15:00,35592,35592
1150,19/05/2019 , 11:30:00,30676,30676
1151,19/05/2019 , 11:45:00,40429,40429
1152,19/05/2019 , 12:00:00,35125,35125
1153,19/05/2019 , 12:15:00,31290,31290
1154,19/05/2019 , 12:30:00,22142,22142
1155,19/05/2019 , 12:45:00,31720,31720
1156,19/05/2019 , 13:00:00,48544,48544
1157,19/05/2019 , 13:15:00,44210,44210
1158,19/05/2019 , 13:30:00,37449,37449
1159,19/05/2019 , 13:45:00,41987,41987
1160,19/05/2019 , 14:00:00,31614,31614
1161,19/05/2019 , 14:15:00,47400,47400
1162,19/05/2019 , 14:30:00,32078,32078
1163,19/05/2019 , 14:45:00,33774,33774
1164,19/05/2019 , 15:00:00,50972,50972
1165,19/05/2019 , 15:15:00,48667,48667
1166,19/05/2019 , 15:30:00,43770,43770
1167,19/05/2019 , 15:45:00,20642,20642
1168,19/05/2019 , 16:00:00,5841,5841
1169,19/05/2019 , 16:15:00,4951,4951
1170,19/05/2019 , 16:30:00,9596,9596
1171,19/05/2019 , 16:45:00,11315,11315
1172,19/05/2019 , 17:00:00,35899,35899
1173,19/05/2019 , 17:15:00,27359,27359
1174,19/05/2019 , 17:30:00,30531,30531
1175,19/05/2019 , 17:45:00,28470,28470
1176,19/05/2019 , 18:00:00,16515,16515
1177,19/05/2019 , 18:15:00,9973,9973
1178,19/05/2019 , 18:30:00,5144,5144
1179,19/05/2019 , 18:45:00,3854,3854
1180,19/05/2019 , 19:00:00,4622,4622
1181,19/05/2019 , 19:15:00,6263,6263
1182,19/05/2019 , 19:30:00,6247,6247
1183,19/05/2019 , 19:45:00,6157,6157
1184,19/05/2019 , 20:00:00,3606,3606
1185,19/05/2019 , 20:15:00,2206,2206
1186,19/05/2019 , 20:30:00,3743,3743
1187,19/05/2019 , 20:45:00,3740,3740
1188,19/05/2019 , 21:00:00,3755,3755
1189,19/05/2019 , 21:15:00,3594,3594
1190,19/05/2019 , 21:30:00,2594,2594
1191,19/05/2019 , 21:45:00,1801,1801
1192,19/05/2019 , 22:00:00,1169,1169
1193,19/05/2019 , 22:15:00,895,895
1194,19/05/2019 , 22:30:00,640,640
1195,19/05/2019 , 22:45:00,449,449
1196,19/05/2019 , 23:00:00,318,318
1197,19/05/2019 , 23:15:00,202,202
1198,19/05/2019 , 23:30:00,123,123
1199,19/05/2019 , 23:45:00,71,71
1200,19/05/2019 , 24:00:00,38,38
1201,20/05/2019 , 00:15:00,19,19
1202,20/05/2019 , 00:30:00,11,11
1203,20/05/2019 , 00:45:00,5,5
1204,20/05/2019 , 01:00:00,4,4
1205,20/05/2019 , 01:15:00,3,3
1206,20/05/2019 , 01:30:00,2,2
1207,20/05/2019 , 01:45:00,2,2
1208,20/05/2019 , 02:00:00,2,2
1209,20/05/2019 , 02:15:00,2,2
1210,20/05/2019 , 02:30:00,3,3
1211,20/05/2019 , 02:45:00,4,4
1212,20/05/2019 , 03:00:00,8,8
1213,20/05/2019 , 03:15:00,14,14
1214,20/05/2019 , 03:30:00,26,26
1215,20/05/2019 , 03:45:00,49,49
1216,20/05/2019 , 04:00:00,97,97
1217,20/05/2019 , 04:15:00,191,191
1218,20/05/2019 , 04:30:00,320,320
1219,20/05/2019 , 04:45:00,478,478
1220,20/05/2019 , 05:00:00,676,676
1221,20/05/2019 , 05:15:00,852,852
1222,20/05/2019 , 05:30:00,1090,1090
1223,20/05/2019 , 05:45:00,1484,1484
1224,20/05/2019 , 06:00:00,1824,1824
1225,20/05/2019 , 06:15:00,1825,1825
1226,20/05/2019 , 06:30:00,2382,2382
1227,20/05/2019 , 06:45:00,3805,3805
1228,20/05/2019 , 07:00:00,3678,3678
1229,20/05/2019 , 07:15:00,3981,3981
1230,20/05/2019 , 07:30:00,4490,4490
1231,20/05/2019 , 07:45:00,4677,4677
1232,20/05/2019 , 08:00:00,7452,7452
1233,20/05/2019 , 08:15:00,5454,5454
1234,20/05/2019 , 08:30:00,5675,5675
1235,20/05/2019 , 08:45:00,6899,6899
1236,20/05/2019 , 09:00:00,8067,8067
1237,20/05/2019 , 09:15:00,12667,12667
1238,20/05/2019 , 09:30:00,10656,10656
1239,20/05/2019 , 09:45:00,15069,15069
1240,20/05/2019 , 10:00:00,16951,16951
1241,20/05/2019 , 10:15:00,18455,18455
1242,20/05/2019 , 10:30:00,32714,32714
1243,20/05/2019 , 10:45:00,36906,36906
1244,20/05/2019 , 11:00:00,37700,37700
1245,20/05/2019 , 11:15:00,39516,39516
1246,20/05/2019 , 11:30:00,41149,41149
1247,20/05/2019 , 11:45:00,40995,40995
1248,20/05/2019 , 12:00:00,43073,43073
1249,20/05/2019 , 12:15:00,45800,45800
1250,20/05/2019 , 12:30:00,45524,45524
1251,20/05/2019 , 12:45:00,41580,41580
1252,20/05/2019 , 13:00:00,39728,39728
1253,20/05/2019 , 13:15:00,41726,41726
1254,20/05/2019 , 13:30:00,47486,47486
1255,20/05/2019 , 13:45:00,45137,45137
1256,20/05/2019 , 14:00:00,44896,44896
1257,20/05/2019 , 14:15:00,47352,47352
1258,20/05/2019 , 14:30:00,46870,46870
1259,20/05/2019 , 14:45:00,44488,44488
1260,20/05/2019 , 15:00:00,30215,30215
1261,20/05/2019 , 15:15:00,39298,39298
1262,20/05/2019 , 15:30:00,22288,22288
1263,20/05/2019 , 15:45:00,37817,37817
1264,20/05/2019 , 16:00:00,29752,29752
1265,20/05/2019 , 16:15:00,25697,25697
1266,20/05/2019 , 16:30:00,22423,22423
1267,20/05/2019 , 16:45:00,31542,31542
1268,20/05/2019 , 17:00:00,35939,35939
1269,20/05/2019 , 17:15:00,25829,25829
1270,20/05/2019 , 17:30:00,414,414
1271,20/05/2019 , 17:45:00,364,364
1272,20/05/2019 , 18:00:00,324,324
1273,20/05/2019 , 18:15:00,241,241
1274,20/05/2019 , 18:30:00,157,157
1275,20/05/2019 , 18:45:00,91,91
1276,20/05/2019 , 19:00:00,114,114
1277,20/05/2019 , 19:15:00,136,136
1278,20/05/2019 , 19:30:00,180,180
1279,20/05/2019 , 19:45:00,190,190
1280,20/05/2019 , 20:00:00,136,136
1281,20/05/2019 , 20:15:00,110,110
1282,20/05/2019 , 20:30:00,107,107
1283,20/05/2019 , 20:45:00,84,84
1284,20/05/2019 , 21:00:00,70,70
1285,20/05/2019 , 21:15:00,54,54
1286,20/05/2019 , 21:30:00,33,33
1287,20/05/2019 , 21:45:00,22,22
1288,20/05/2019 , 22:00:00,19,19
1289,20/05/2019 , 22:15:00,16,16
1290,20/05/2019 , 22:30:00,12,12
1291,20/05/2019 , 22:45:00,9,9
1292,20/05/2019 , 23:00:00,6,6
1293,20/05/2019 , 23:15:00,4,4
1294,20/05/2019 , 23:30:00,2,2
1295,20/05/2019 , 23:45:00,1,1
1296,20/05/2019 , 24:00:00,0,0
1297,21/05/2019 , 00:15:00,0,0
1298,21/05/2019 , 00:30:00,0,0
1299,21/05/2019 , 00:45:00,0,0
1300,21/05/2019 , 01:00:00,0,0
1301,21/05/2019 , 01:15:00,0,0
1302,21/05/2019 , 01:30:00,0,0
1303,21/05/2019 , 01:45:00,0,0
1304,21/05/2019 , 02:00:00,0,0
1305,21/05/2019 , 02:15:00,0,0
1306,21/05/2019 , 02:30:00,0,0
1307,21/05/2019 , 02:45:00,0,0
1308,21/05/2019 , 03:00:00,0,0
1309,21/05/2019 , 03:15:00,0,0
1310,21/05/2019 , 03:30:00,0,0
1311,21/05/2019 , 03:45:00,0,0
1312,21/05/2019 , 04:00:00,0,0
1313,21/05/2019 , 04:15:00,2,2
1314,21/05/2019 , 04:30:00,4,4
1315,21/05/2019 , 04:45:00,11,11
1316,21/05/2019 , 05:00:00,16,16
1317,21/05/2019 , 05:15:00,19,19
1318,21/05/2019 , 05:30:00,28,28
1319,21/05/2019 , 05:45:00,46,46
1320,21/05/2019 , 06:00:00,65,65
1321,21/05/2019 , 06:15:00,93,93
1322,21/05/2019 , 06:30:00,104,104
1323,21/05/2019 , 06:45:00,108,108
1324,21/05/2019 , 07:00:00,121,121
1325,21/05/2019 , 07:15:00,115,115
1326,21/05/2019 , 07:30:00,91,91
1327,21/05/2019 , 07:45:00,88,88
1328,21/05/2019 , 08:00:00,86,86
1329,21/05/2019 , 08:15:00,90,90
1330,21/05/2019 , 08:30:00,87,87
1331,21/05/2019 , 08:45:00,201,201
1332,21/05/2019 , 09:00:00,249,249
1333,21/05/2019 , 09:15:00,246,246
1334,21/05/2019 , 09:30:00,189,189
1335,21/05/2019 , 09:45:00,160,160
1336,21/05/2019 , 10:00:00,128,128
1337,21/05/2019 , 10:15:00,132,132
1338,21/05/2019 , 10:30:00,155,155
1339,21/05/2019 , 10:45:00,267,267
1340,21/05/2019 , 11:00:00,4211,4211
1341,21/05/2019 , 11:15:00,3307,3307
1342,21/05/2019 , 11:30:00,3616,3616
1343,21/05/2019 , 11:45:00,3034,3034
