"Time..sec.","BV..Volts.","T..deg.C.","DO..mg.l.","Q..."
1652824020,3.47,18.696,0.042,0.917
1652824080,3.47,18.705,0.042,0.916
1652824140,3.47,18.696,0.041,0.917
1652824200,3.47,18.713,0.041,0.916
1652824260,3.47,18.705,0.041,0.916
1652824320,3.47,18.696,0.042,0.916
1652824380,3.47,18.705,0.042,0.917
1652824440,3.47,18.713,0.042,0.917
1652824500,3.47,18.696,0.042,0.916
1652824560,3.47,18.713,0.041,0.917
1652824620,3.47,18.705,0.042,0.917
1652824680,3.47,18.713,0.041,0.916
1652824740,3.47,18.721,0.042,0.917
1652824800,3.47,18.713,0.042,0.917
1652824860,3.47,18.713,0.042,0.916
1652824920,3.47,18.713,0.042,0.917
1652824980,3.47,18.73,0.041,0.916
1652825040,3.47,18.721,0.041,0.917
1652825100,3.47,18.73,0.041,0.916
1652825160,3.47,18.721,0.042,0.917
1652825220,3.47,18.721,0.041,0.916
1652825280,3.47,18.738,0.042,0.917
1652825340,3.47,18.73,0.041,0.917
1652825400,3.47,18.73,0.041,0.917
1652825460,3.47,18.73,0.042,0.917
1652825520,3.47,18.738,0.041,0.916
1652825580,3.47,18.747,0.042,0.917
1652825640,3.47,18.738,0.041,0.917
1652825700,3.47,18.747,0.041,0.916
1652825760,3.47,18.747,0.042,0.917
1652825820,3.47,18.755,0.041,0.917
1652825880,3.47,18.738,0.042,0.917
1652825940,3.47,18.738,0.041,0.916
1652826000,3.47,18.755,0.041,0.916
1652826060,3.47,18.763,0.041,0.916
1652826120,3.47,18.738,0.042,0.917
1652826180,3.47,18.755,0.041,0.916
1652826240,3.47,18.763,0.041,0.917
1652826300,3.47,18.772,0.041,0.916
1652826360,3.47,18.755,0.042,0.917
1652826420,3.47,18.772,0.041,0.916
1652826480,3.47,18.763,0.042,0.916
1652826540,3.47,18.763,0.041,0.916
1652826600,3.47,18.772,0.041,0.916
1652826660,3.47,18.755,0.042,0.917
1652826720,3.47,18.772,0.041,0.916
1652826780,3.47,18.755,0.041,0.916
1652826840,3.47,18.763,0.042,0.917
1652826900,3.47,18.772,0.042,0.917
1652826960,3.47,18.797,0.042,0.916
1652827020,3.47,18.789,0.041,0.916
1652827080,3.47,18.78,0.041,0.916
1652827140,3.47,18.78,0.042,0.917
1652827200,3.47,18.797,0.041,0.916
1652827260,3.47,18.78,0.042,0.917
1652827320,3.47,18.797,0.041,0.916
1652827380,3.47,18.78,0.042,0.916
1652827440,3.47,18.814,0.041,0.916
1652827500,3.47,18.814,0.041,0.916
1652827560,3.47,18.789,0.041,0.916
1652827620,3.47,18.797,0.042,0.917
1652827680,3.47,18.805,0.042,0.916
1652827740,3.47,18.814,0.041,0.916
1652827800,3.47,18.814,0.041,0.916
1652827860,3.47,18.822,0.041,0.916
1652827920,3.47,18.814,0.042,0.916
1652827980,3.47,18.822,0.041,0.916
1652828040,3.47,18.822,0.041,0.916
1652828100,3.47,18.831,0.041,0.917
1652828160,3.47,18.839,0.042,0.916
1652828220,3.47,18.831,0.041,0.916
1652828280,3.47,18.831,0.042,0.916
1652828340,3.47,18.847,0.041,0.916
1652828400,3.47,18.847,0.041,0.916
1652828460,3.47,18.839,0.042,0.916
1652828520,3.47,18.839,0.042,0.917
1652828580,3.47,18.856,0.041,0.916
1652828640,3.47,18.839,0.042,0.917
1652828700,3.47,18.856,0.041,0.917
1652828760,3.47,18.847,0.041,0.916
1652828820,3.47,18.856,0.041,0.916
1652828880,3.47,18.847,0.042,0.917
1652828940,3.47,18.864,0.041,0.916
1652829000,3.47,18.856,0.041,0.916
1652829060,3.47,18.864,0.042,0.917
1652829120,3.47,18.864,0.042,0.916
1652829180,3.47,18.864,0.042,0.916
1652829240,3.47,18.889,0.042,0.916
1652829300,3.47,18.873,0.041,0.916
1652829360,3.47,18.889,0.042,0.916
1652829420,3.47,18.881,0.041,0.916
1652829480,3.47,18.889,0.041,0.917
1652829540,3.47,18.889,0.041,0.916
1652829600,3.47,18.898,0.042,0.916
1652829660,3.47,18.889,0.041,0.916
1652829720,3.47,18.898,0.041,0.916
1652829780,3.47,18.906,0.041,0.916
1652829840,3.47,18.906,0.041,0.916
1652829900,3.47,18.915,0.041,0.916
1652829960,3.47,18.915,0.041,0.916
1652830020,3.47,18.915,0.042,0.917
1652830080,3.47,18.923,0.041,0.916
1652830140,3.47,18.923,0.041,0.916
1652830200,3.47,18.915,0.042,0.916
1652830260,3.47,18.931,0.042,0.916
1652830320,3.47,18.915,0.042,0.916
1652830380,3.47,18.931,0.042,0.916
1652830440,3.47,18.931,0.041,0.916
1652830500,3.47,18.931,0.041,0.916
1652830560,3.47,18.915,0.042,0.916
1652830620,3.47,18.915,0.042,0.916
1652830680,3.47,18.931,0.042,0.917
1652830740,3.47,18.923,0.042,0.916
1652830800,3.47,18.931,0.042,0.916
1652830860,3.47,18.94,0.041,0.916
1652830920,3.47,18.94,0.042,0.916
1652830980,3.47,18.923,0.041,0.916
1652831040,3.47,18.923,0.041,0.916
1652831100,3.47,18.94,0.042,0.916
1652831160,3.47,18.948,0.041,0.916
1652831220,3.47,18.931,0.042,0.917
1652831280,3.47,18.931,0.042,0.916
1652831340,3.47,18.948,0.041,0.917
1652831400,3.47,18.956,0.042,0.917
1652831460,3.47,18.94,0.042,0.917
1652831520,3.47,18.948,0.041,0.916
1652831580,3.47,18.956,0.042,0.916
1652831640,3.47,18.948,0.042,0.916
1652831700,3.47,18.982,0.041,0.916
1652831760,3.47,18.965,0.041,0.916
1652831820,3.47,18.94,0.041,0.916
1652831880,3.47,18.956,0.041,0.916
1652831940,3.47,18.948,0.041,0.916
1652832000,3.47,18.956,0.041,0.916
1652832060,3.47,18.973,0.041,0.916
1652832120,3.47,18.965,0.041,0.916
1652832180,3.47,18.973,0.041,0.916
1652832240,3.47,18.973,0.041,0.916
1652832300,3.47,18.948,0.042,0.916
1652832360,3.47,18.982,0.041,0.916
1652832420,3.47,18.973,0.041,0.916
1652832480,3.47,18.965,0.041,0.916
1652832540,3.47,18.973,0.042,0.917
1652832600,3.47,18.956,0.041,0.916
1652832660,3.47,18.982,0.042,0.917
1652832720,3.47,18.982,0.041,0.916
1652832780,3.47,18.956,0.041,0.916
1652832840,3.47,18.982,0.041,0.917
1652832900,3.47,18.982,0.041,0.916
1652832960,3.47,18.982,0.042,0.917
1652833020,3.47,18.99,0.041,0.916
1652833080,3.47,18.982,0.042,0.917
1652833140,3.47,18.99,0.041,0.916
1652833200,3.47,18.982,0.041,0.916
1652833260,3.47,18.982,0.041,0.916
1652833320,3.47,18.973,0.041,0.917
1652833380,3.47,18.973,0.041,0.916
1652833440,3.47,18.982,0.041,0.916
1652833500,3.47,18.982,0.041,0.916
1652833560,3.47,18.99,0.042,0.917
1652833620,3.47,18.99,0.041,0.916
1652833680,3.47,18.99,0.042,0.917
1652833740,3.47,18.99,0.042,0.917
1652833800,3.47,18.982,0.042,0.916
1652833860,3.47,18.982,0.041,0.916
1652833920,3.47,19.007,0.041,0.916
1652833980,3.47,18.998,0.042,0.916
1652834040,3.47,19.024,0.041,0.916
1652834100,3.47,18.998,0.041,0.916
1652834160,3.47,18.99,0.042,0.916
1652834220,3.47,18.99,0.042,0.916
1652834280,3.47,19.024,0.042,0.916
1652834340,3.47,18.998,0.042,0.917
1652834400,3.47,18.998,0.042,0.917
1652834460,3.47,19.007,0.042,0.917
1652834520,3.47,18.998,0.042,0.916
1652834580,3.47,18.998,0.041,0.917
1652834640,3.47,19.032,0.041,0.916
1652834700,3.47,19.032,0.041,0.916
1652834760,3.47,19.024,0.042,0.916
1652834820,3.47,19.024,0.042,0.916
1652834880,3.47,19.032,0.042,0.916
1652834940,3.47,19.024,0.042,0.916
1652835000,3.47,19.024,0.041,0.916
1652835060,3.47,19.032,0.042,0.916
1652835120,3.47,19.015,0.041,0.916
1652835180,3.47,19.04,0.042,0.916
1652835240,3.47,19.04,0.041,0.917
1652835300,3.47,19.04,0.042,0.916
1652835360,3.47,19.032,0.042,0.917
1652835420,3.47,19.032,0.042,0.916
1652835480,3.47,19.049,0.042,0.916
1652835540,3.47,19.04,0.041,0.916
1652835600,3.47,19.04,0.042,0.916
1652835660,3.47,19.057,0.042,0.916
1652835720,3.47,19.057,0.041,0.916
1652835780,3.47,19.066,0.042,0.916
1652835840,3.47,19.066,0.041,0.916
1652835900,3.47,19.066,0.041,0.916
1652835960,3.47,19.074,0.042,0.916
1652836020,3.47,19.074,0.042,0.916
1652836080,3.47,19.074,0.042,0.916
1652836140,3.47,19.074,0.041,0.916
1652836200,3.47,19.066,0.042,0.916
1652836260,3.47,19.074,0.041,0.916
1652836320,3.47,19.066,0.041,0.916
1652836380,3.47,19.082,0.042,0.916
1652836440,3.47,19.099,0.042,0.917
1652836500,3.47,19.099,0.041,0.916
1652836560,3.47,19.099,0.041,0.916
1652836620,3.47,19.108,0.041,0.916
1652836680,3.47,19.108,0.042,0.916
1652836740,3.47,19.108,0.042,0.917
1652836800,3.47,19.124,0.041,0.916
1652836860,3.47,19.108,0.041,0.916
1652836920,3.47,19.116,0.041,0.916
1652836980,3.47,19.124,0.042,0.916
1652837040,3.47,19.124,0.041,0.916
1652837100,3.47,19.116,0.042,0.916
1652837160,3.47,19.116,0.041,0.916
1652837220,3.47,19.133,0.041,0.916
1652837280,3.47,19.133,0.041,0.916
1652837340,3.47,19.133,0.041,0.916
1652837400,3.47,19.149,0.042,0.916
1652837460,3.47,19.141,0.041,0.916
1652837520,3.47,19.124,0.042,0.916
1652837580,3.47,19.141,0.041,0.916
1652837640,3.47,19.133,0.041,0.916
1652837700,3.47,19.141,0.041,0.916
1652837760,3.47,19.149,0.041,0.916
1652837820,3.47,19.133,0.041,0.916
1652837880,3.47,19.149,0.041,0.916
1652837940,3.47,19.141,0.042,0.916
1652838000,3.47,19.149,0.041,0.916
1652838060,3.47,19.149,0.042,0.916
1652838120,3.47,19.141,0.042,0.916
1652838180,3.47,19.158,0.041,0.916
1652838240,3.47,19.158,0.041,0.916
1652838300,3.47,19.166,0.041,0.916
1652838360,3.47,19.158,0.041,0.916
1652838420,3.47,19.166,0.041,0.916
1652838480,3.47,19.158,0.041,0.916
1652838540,3.47,19.158,0.042,0.916
1652838600,3.47,19.166,0.042,0.916
1652838660,3.47,19.166,0.041,0.916
1652838720,3.47,19.183,0.041,0.916
1652838780,3.47,19.183,0.042,0.916
1652838840,3.47,19.166,0.041,0.916
1652838900,3.47,19.183,0.041,0.916
1652838960,3.47,19.158,0.042,0.916
1652839020,3.47,19.175,0.041,0.916
1652839080,3.47,19.166,0.041,0.916
1652839140,3.47,19.166,0.041,0.916
1652839200,3.47,19.191,0.041,0.916
1652839260,3.47,19.191,0.042,0.916
1652839320,3.47,19.166,0.041,0.916
1652839380,3.47,19.183,0.042,0.916
1652839440,3.47,19.175,0.041,0.916
1652839500,3.47,19.183,0.041,0.916
1652839560,3.47,19.183,0.042,0.916
1652839620,3.47,19.175,0.042,0.916
1652839680,3.47,19.175,0.041,0.916
1652839740,3.47,19.208,0.041,0.916
1652839800,3.47,19.191,0.041,0.916
1652839860,3.47,19.183,0.041,0.916
1652839920,3.47,19.191,0.041,0.916
1652839980,3.47,19.2,0.042,0.916
1652840040,3.47,19.208,0.041,0.916
1652840100,3.47,19.208,0.041,0.916
1652840160,3.47,19.2,0.041,0.916
1652840220,3.47,19.208,0.042,0.916
1652840280,3.47,19.208,0.041,0.916
1652840340,3.47,19.208,0.041,0.916
1652840400,3.47,19.217,0.041,0.916
1652840460,3.47,19.2,0.042,0.916
1652840520,3.47,19.208,0.041,0.916
1652840580,3.47,19.2,0.041,0.916
1652840640,3.47,19.217,0.041,0.916
1652840700,3.47,19.217,0.041,0.916
1652840760,3.47,19.217,0.041,0.916
1652840820,3.47,19.233,0.041,0.916
1652840880,3.47,19.208,0.042,0.916
1652840940,3.47,19.208,0.041,0.916
1652841000,3.47,19.233,0.041,0.916
1652841060,3.47,19.217,0.041,0.916
1652841120,3.47,19.225,0.041,0.916
1652841180,3.47,19.208,0.041,0.916
1652841240,3.47,19.233,0.041,0.916
1652841300,3.47,19.225,0.041,0.916
1652841360,3.47,19.225,0.041,0.916
1652841420,3.47,19.225,0.041,0.916
1652841480,3.47,19.217,0.042,0.916
1652841540,3.47,19.225,0.041,0.916
1652841600,3.47,19.233,0.041,0.916
1652841660,3.47,19.233,0.041,0.916
1652841720,3.47,19.217,0.041,0.916
1652841780,3.47,19.225,0.041,0.916
1652841840,3.47,19.217,0.042,0.916
1652841900,3.47,19.217,0.041,0.916
1652841960,3.47,19.225,0.042,0.916
1652842020,3.47,19.217,0.042,0.916
1652842080,3.47,19.233,0.042,0.916
1652842140,3.47,19.217,0.041,0.916
1652842200,3.47,19.225,0.041,0.916
1652842260,3.47,19.233,0.041,0.916
1652842320,3.47,19.217,0.041,0.916
1652842380,3.47,19.225,0.041,0.916
1652842440,3.47,19.233,0.041,0.916
1652842500,3.47,19.217,0.042,0.916
1652842560,3.47,19.208,0.041,0.916
1652842620,3.47,19.217,0.041,0.916
1652842680,3.47,19.208,0.041,0.916
1652842740,3.47,19.208,0.041,0.916
1652842800,3.47,19.225,0.042,0.916
1652842860,3.47,19.208,0.041,0.916
1652842920,3.47,19.217,0.041,0.916
1652842980,3.47,19.217,0.041,0.916
1652843040,3.47,19.2,0.041,0.916
1652843100,3.47,19.225,0.041,0.916
1652843160,3.47,19.217,0.041,0.916
1652843220,3.47,19.2,0.042,0.916
1652843280,3.47,19.208,0.04,0.916
1652843340,3.47,19.208,0.041,0.916
1652843400,3.47,19.225,0.041,0.916
1652843460,3.47,19.2,0.042,0.916
1652843520,3.47,19.191,0.041,0.916
1652843580,3.47,19.2,0.041,0.916
1652843640,3.47,19.2,0.041,0.916
1652843700,3.47,19.208,0.042,0.916
1652843760,3.47,19.208,0.042,0.916
1652843820,3.47,19.217,0.042,0.916
1652843880,3.47,19.217,0.041,0.916
1652843940,3.47,19.225,0.042,0.916
1652844000,3.47,19.258,0.042,0.916
1652844060,3.47,19.258,0.042,0.916
1652844120,3.47,19.258,0.041,0.916
1652844180,3.47,19.284,0.042,0.916
1652844240,3.47,19.3,0.041,0.916
1652844300,3.47,19.309,0.042,0.916
1652844360,3.47,19.309,0.042,0.916
1652844420,3.47,19.326,0.042,0.916
1652844480,3.47,19.351,0.041,0.916
1652844540,3.47,19.351,0.041,0.916
1652844600,3.47,19.334,0.041,0.916
1652844660,3.47,19.393,0.041,0.916
1652844720,3.47,19.376,0.042,0.916
1652844780,3.47,19.376,0.041,0.916
1652844840,3.47,19.376,0.042,0.916
1652844900,3.47,19.409,0.042,0.916
1652844960,3.47,19.418,0.041,0.916
1652845020,3.47,19.418,0.042,0.916
1652845080,3.47,19.443,0.041,0.916
1652845140,3.47,19.443,0.042,0.916
1652845200,3.47,19.46,0.041,0.916
1652845260,3.47,19.468,0.041,0.916
1652845320,3.47,19.46,0.042,0.916
1652845380,3.47,19.485,0.042,0.916
1652845440,3.47,19.476,0.042,0.916
1652845500,3.47,19.502,0.041,0.916
1652845560,3.47,19.502,0.042,0.916
1652845620,3.47,19.527,0.042,0.916
1652845680,3.47,19.543,0.041,0.916
1652845740,3.47,19.543,0.042,0.916
1652845800,3.47,19.552,0.041,0.916
1652845860,3.47,19.552,0.041,0.916
1652845920,3.47,19.569,0.042,0.916
1652845980,3.47,19.577,0.042,0.916
1652846040,3.47,19.594,0.042,0.916
1652846100,3.47,19.61,0.042,0.916
1652846160,3.47,19.61,0.041,0.916
1652846220,3.47,19.619,0.041,0.916
1652846280,3.47,19.619,0.042,0.916
1652846340,3.47,19.661,0.042,0.916
1652846400,3.47,19.661,0.042,0.916
1652846460,3.47,19.669,0.041,0.916
1652846520,3.47,19.686,0.041,0.916
1652846580,3.47,19.686,0.041,0.916
1652846640,3.47,19.703,0.042,0.916
1652846700,3.47,19.719,0.041,0.916
1652846760,3.47,19.711,0.041,0.916
1652846820,3.47,19.744,0.042,0.916
1652846880,3.47,19.753,0.041,0.916
1652846940,3.47,19.753,0.041,0.916
1652847000,3.47,19.77,0.041,0.916
1652847060,3.47,19.786,0.041,0.916
1652847120,3.47,19.803,0.041,0.916
1652847180,3.47,19.786,0.042,0.916
1652847240,3.47,19.811,0.041,0.916
1652847300,3.47,19.786,0.042,0.916
1652847360,3.47,19.811,0.042,0.916
1652847420,3.47,19.828,0.041,0.916
1652847480,3.47,19.828,0.042,0.916
1652847540,3.47,19.828,0.041,0.916
1652847600,3.47,19.811,0.042,0.916
1652847660,3.47,19.837,0.042,0.916
1652847720,3.47,19.845,0.041,0.916
1652847780,3.47,19.853,0.041,0.916
1652847840,3.47,19.845,0.042,0.916
1652847900,3.47,19.862,0.041,0.916
1652847960,3.47,19.862,0.042,0.916
1652848020,3.47,19.87,0.041,0.916
1652848080,3.47,19.87,0.042,0.916
1652848140,3.47,19.87,0.042,0.916
1652848200,3.47,19.87,0.041,0.916
1652848260,3.47,19.895,0.041,0.916
1652848320,3.47,19.895,0.041,0.916
1652848380,3.47,19.895,0.041,0.916
1652848440,3.47,19.92,0.042,0.916
1652848500,3.47,19.895,0.041,0.916
1652848560,3.47,19.903,0.041,0.916
1652848620,3.47,19.92,0.041,0.916
1652848680,3.47,19.929,0.042,0.916
1652848740,3.47,19.92,0.041,0.916
1652848800,3.47,19.937,0.041,0.916
1652848860,3.47,19.937,0.042,0.916
1652848920,3.47,19.945,0.041,0.916
1652848980,3.47,19.954,0.042,0.916
1652849040,3.47,19.962,0.041,0.916
1652849100,3.47,19.97,0.041,0.916
1652849160,3.47,19.97,0.041,0.916
1652849220,3.47,19.996,0.041,0.916
1652849280,3.47,19.979,0.041,0.916
1652849340,3.47,19.97,0.042,0.916
1652849400,3.47,19.987,0.042,0.916
1652849460,3.47,19.996,0.042,0.916
1652849520,3.47,20.012,0.042,0.916
1652849580,3.47,20.004,0.042,0.916
1652849640,3.47,20.012,0.041,0.916
1652849700,3.47,20.004,0.041,0.916
1652849760,3.47,20.012,0.041,0.916
1652849820,3.47,20.021,0.042,0.916
1652849880,3.47,20.021,0.042,0.916
1652849940,3.47,20.054,0.041,0.916
1652850000,3.47,20.037,0.042,0.916
1652850060,3.47,20.046,0.041,0.916
1652850120,3.47,20.054,0.041,0.916
1652850180,3.47,20.046,0.042,0.916
1652850240,3.47,20.046,0.042,0.916
1652850300,3.47,20.046,0.042,0.916
1652850360,3.47,20.062,0.041,0.916
1652850420,3.47,20.062,0.041,0.916
1652850480,3.47,20.062,0.041,0.916
1652850540,3.47,20.054,0.041,0.916
1652850600,3.47,20.071,0.041,0.916
1652850660,3.47,20.062,0.041,0.916
1652850720,3.47,20.088,0.041,0.916
1652850780,3.47,20.096,0.041,0.916
1652850840,3.47,20.104,0.041,0.916
1652850900,3.47,20.088,0.041,0.916
1652850960,3.47,20.071,0.042,0.916
1652851020,3.47,20.088,0.042,0.916
1652851080,3.47,20.096,0.042,0.916
1652851140,3.47,20.096,0.041,0.916
1652851200,3.47,20.104,0.041,0.916
1652851260,3.47,20.104,0.041,0.916
1652851320,3.47,20.113,0.041,0.916
1652851380,3.47,20.104,0.041,0.916
1652851440,3.47,20.121,0.041,0.916
1652851500,3.47,20.121,0.041,0.916
1652851560,3.47,20.096,0.041,0.916
1652851620,3.47,20.121,0.041,0.916
1652851680,3.47,20.113,0.042,0.916
1652851740,3.47,20.113,0.041,0.916
1652851800,3.47,20.104,0.041,0.916
1652851860,3.47,20.121,0.041,0.916
1652851920,3.47,20.113,0.041,0.916
1652851980,3.47,20.096,0.041,0.916
1652852040,3.47,20.121,0.041,0.916
1652852100,3.47,20.129,0.041,0.916
1652852160,3.47,20.113,0.042,0.916
1652852220,3.47,20.121,0.041,0.916
1652852280,3.47,20.129,0.041,0.916
1652852340,3.47,20.104,0.041,0.916
1652852400,3.47,20.121,0.041,0.916
1652852460,3.47,20.129,0.041,0.916
1652852520,3.47,20.113,0.04,0.916
1652852580,3.47,20.138,0.041,0.916
1652852640,3.47,20.113,0.041,0.916
1652852700,3.47,20.121,0.041,0.916
1652852760,3.47,20.129,0.042,0.916
1652852820,3.47,20.121,0.041,0.916
1652852880,3.47,20.121,0.041,0.916
1652852940,3.47,20.113,0.041,0.916
1652853000,3.47,20.121,0.041,0.916
1652853060,3.47,20.121,0.041,0.916
1652853120,3.47,20.129,0.042,0.916
1652853180,3.47,20.129,0.042,0.916
1652853240,3.47,20.121,0.041,0.916
1652853300,3.47,20.138,0.041,0.916
1652853360,3.47,20.138,0.041,0.916
1652853420,3.47,20.113,0.041,0.916
1652853480,3.47,20.121,0.04,0.916
1652853540,3.47,20.121,0.041,0.916
1652853600,3.47,20.121,0.041,0.916
1652853660,3.47,20.121,0.042,0.916
1652853720,3.47,20.129,0.041,0.916
1652853780,3.47,20.121,0.042,0.916
1652853840,3.47,20.121,0.041,0.916
1652853900,3.47,20.129,0.042,0.916
1652853960,3.47,20.129,0.041,0.916
1652854020,3.47,20.121,0.041,0.916
1652854080,3.47,20.129,0.042,0.916
1652854140,3.47,20.146,0.041,0.916
1652854200,3.47,20.113,0.041,0.916
1652854260,3.47,20.121,0.042,0.916
1652854320,3.47,20.129,0.041,0.916
1652854380,3.47,20.104,0.041,0.916
1652854440,3.47,20.129,0.041,0.916
1652854500,3.47,20.121,0.041,0.916
1652854560,3.47,20.121,0.041,0.916
1652854620,3.47,20.104,0.041,0.916
1652854680,3.47,20.113,0.042,0.916
1652854740,3.47,20.113,0.041,0.916
1652854800,3.47,20.104,0.041,0.916
1652854860,3.47,20.129,0.042,0.916
1652854920,3.47,20.121,0.041,0.916
1652854980,3.47,20.113,0.041,0.916
1652855040,3.47,20.121,0.041,0.916
1652855100,3.47,20.121,0.041,0.916
1652855160,3.47,20.113,0.042,0.916
1652855220,3.47,20.121,0.041,0.916
1652855280,3.47,20.104,0.041,0.916
1652855340,3.47,20.104,0.042,0.916
1652855400,3.47,20.096,0.041,0.916
1652855460,3.47,20.104,0.042,0.916
1652855520,3.47,20.104,0.041,0.916
1652855580,3.47,20.104,0.042,0.916
1652855640,3.47,20.096,0.041,0.916
1652855700,3.47,20.088,0.041,0.916
1652855760,3.47,20.113,0.04,0.916
1652855820,3.47,20.096,0.041,0.916
1652855880,3.47,20.088,0.041,0.916
1652855940,3.47,20.113,0.041,0.916
1652856000,3.47,20.104,0.04,0.916
1652856060,3.47,20.129,0.041,0.916
1652856120,3.47,20.096,0.042,0.916
1652856180,3.47,20.071,0.041,0.916
1652856240,3.47,20.104,0.041,0.916
1652856300,3.47,20.104,0.041,0.916
1652856360,3.47,20.079,0.042,0.916
1652856420,3.47,20.096,0.042,0.916
1652856480,3.47,20.096,0.041,0.916
1652856540,3.47,20.088,0.041,0.916
1652856600,3.47,20.079,0.041,0.916
1652856660,3.47,20.088,0.041,0.916
1652856720,3.47,20.079,0.042,0.916
1652856780,3.47,20.088,0.041,0.916
1652856840,3.47,20.079,0.041,0.916
1652856900,3.47,20.088,0.041,0.916
1652856960,3.47,20.079,0.042,0.916
1652857020,3.47,20.079,0.042,0.916
1652857080,3.47,20.088,0.041,0.916
1652857140,3.47,20.096,0.041,0.916
1652857200,3.47,20.071,0.042,0.916
1652857260,3.47,20.079,0.041,0.916
1652857320,3.47,20.096,0.041,0.916
1652857380,3.47,20.088,0.041,0.916
1652857440,3.47,20.104,0.041,0.916
1652857500,3.47,20.096,0.041,0.916
1652857560,3.47,20.088,0.041,0.916
1652857620,3.47,20.079,0.041,0.916
1652857680,3.47,20.071,0.041,0.916
1652857740,3.47,20.062,0.042,0.916
1652857800,3.47,20.079,0.041,0.916
1652857860,3.47,20.079,0.041,0.916
1652857920,3.47,20.062,0.042,0.916
1652857980,3.47,20.071,0.041,0.916
1652858040,3.47,20.079,0.041,0.916
1652858100,3.47,20.062,0.042,0.916
1652858160,3.47,20.071,0.04,0.916
1652858220,3.47,20.079,0.041,0.916
1652858280,3.47,20.071,0.041,0.916
1652858340,3.47,20.096,0.041,0.916
1652858400,3.47,20.071,0.041,0.916
1652858460,3.47,20.071,0.042,0.916
1652858520,3.47,20.071,0.041,0.916
1652858580,3.47,20.062,0.041,0.916
1652858640,3.47,20.079,0.041,0.916
1652858700,3.47,20.062,0.042,0.916
1652858760,3.47,20.054,0.041,0.916
1652858820,3.47,20.071,0.042,0.916
1652858880,3.47,20.071,0.041,0.916
1652858940,3.47,20.054,0.041,0.916
1652859000,3.47,20.054,0.042,0.916
1652859060,3.47,20.054,0.041,0.916
1652859120,3.47,20.071,0.041,0.916
1652859180,3.47,20.062,0.042,0.916
1652859240,3.47,20.062,0.041,0.916
1652859300,3.47,20.062,0.041,0.916
1652859360,3.47,20.054,0.041,0.916
1652859420,3.47,20.071,0.042,0.916
1652859480,3.47,20.062,0.041,0.916
1652859540,3.47,20.046,0.041,0.916
1652859600,3.47,20.054,0.042,0.916
1652859660,3.47,20.046,0.042,0.916
1652859720,3.47,20.046,0.041,0.916
1652859780,3.47,20.037,0.041,0.916
1652859840,3.47,20.046,0.041,0.916
1652859900,3.47,20.054,0.041,0.916
1652859960,3.47,20.037,0.041,0.916
1652860020,3.47,20.054,0.041,0.916
1652860080,3.47,20.046,0.041,0.916
1652860140,3.47,20.046,0.041,0.916
1652860200,3.47,20.021,0.041,0.916
1652860260,3.47,20.037,0.042,0.916
1652860320,3.47,20.046,0.041,0.916
1652860380,3.47,20.037,0.041,0.916
1652860440,3.47,20.037,0.041,0.916
1652860500,3.47,20.021,0.041,0.916
1652860560,3.47,20.029,0.041,0.916
1652860620,3.47,20.029,0.041,0.916
1652860680,3.47,20.037,0.041,0.916
1652860740,3.47,20.029,0.042,0.916
1652860800,3.47,20.029,0.041,0.916
1652860860,3.47,20.037,0.041,0.916
1652860920,3.47,20.021,0.041,0.916
1652860980,3.47,20.021,0.041,0.916
1652861040,3.47,20.029,0.041,0.916
1652861100,3.47,20.021,0.041,0.916
1652861160,3.47,20.012,0.042,0.916
1652861220,3.47,20.012,0.041,0.916
1652861280,3.47,20.021,0.041,0.916
1652861340,3.47,20.012,0.041,0.916
1652861400,3.47,20.004,0.042,0.916
1652861460,3.47,20.012,0.041,0.916
1652861520,3.47,20.012,0.041,0.916
1652861580,3.47,20.004,0.041,0.916
1652861640,3.47,20.004,0.041,0.916
1652861700,3.47,20.004,0.042,0.916
1652861760,3.47,20.004,0.041,0.916
1652861820,3.47,19.996,0.041,0.916
1652861880,3.47,20.004,0.041,0.916
1652861940,3.47,20.004,0.041,0.916
1652862000,3.47,20.021,0.041,0.916
1652862060,3.47,20.012,0.041,0.916
1652862120,3.47,19.979,0.042,0.916
1652862180,3.47,19.987,0.042,0.916
1652862240,3.47,20.004,0.041,0.916
1652862300,3.47,19.987,0.041,0.916
1652862360,3.47,19.996,0.042,0.916
1652862420,3.47,19.996,0.041,0.916
1652862480,3.47,19.987,0.041,0.916
1652862540,3.47,19.996,0.041,0.916
1652862600,3.47,19.979,0.041,0.916
1652862660,3.47,19.987,0.042,0.916
1652862720,3.47,19.987,0.041,0.916
1652862780,3.47,19.987,0.041,0.916
1652862840,3.47,19.979,0.041,0.916
1652862900,3.47,19.996,0.041,0.916
1652862960,3.47,19.979,0.041,0.916
1652863020,3.47,19.987,0.041,0.916
1652863080,3.47,19.987,0.041,0.916
1652863140,3.47,19.979,0.042,0.916
1652863200,3.47,19.97,0.041,0.916
1652863260,3.47,19.987,0.042,0.916
1652863320,3.47,19.97,0.042,0.916
1652863380,3.47,19.987,0.041,0.916
1652863440,3.47,19.987,0.042,0.916
1652863500,3.47,19.996,0.041,0.916
1652863560,3.47,19.987,0.041,0.916
1652863620,3.47,19.97,0.042,0.916
1652863680,3.47,19.962,0.042,0.916
1652863740,3.47,19.954,0.041,0.916
1652863800,3.47,19.962,0.042,0.916
1652863860,3.47,19.979,0.042,0.916
1652863920,3.47,19.97,0.042,0.916
1652863980,3.47,19.979,0.041,0.916
1652864040,3.47,19.962,0.041,0.916
1652864100,3.47,19.962,0.042,0.916
1652864160,3.47,19.979,0.041,0.916
1652864220,3.47,19.945,0.042,0.916
1652864280,3.47,19.97,0.041,0.916
1652864340,3.47,19.979,0.041,0.916
1652864400,3.47,19.954,0.041,0.916
1652864460,3.47,19.97,0.041,0.916
1652864520,3.47,19.962,0.042,0.916
1652864580,3.47,19.954,0.042,0.916
1652864640,3.47,19.945,0.042,0.916
1652864700,3.47,19.962,0.041,0.916
1652864760,3.47,19.954,0.041,0.916
1652864820,3.47,19.954,0.042,0.916
1652864880,3.47,19.954,0.041,0.916
1652864940,3.47,19.954,0.041,0.916
1652865000,3.47,19.945,0.041,0.916
1652865060,3.47,19.962,0.041,0.916
1652865120,3.47,19.962,0.042,0.916
1652865180,3.47,19.954,0.041,0.916
1652865240,3.47,19.954,0.041,0.916
1652865300,3.47,19.954,0.041,0.916
1652865360,3.47,19.954,0.041,0.916
1652865420,3.47,19.937,0.041,0.916
1652865480,3.47,19.937,0.042,0.916
1652865540,3.47,19.954,0.041,0.916
1652865600,3.47,19.945,0.041,0.916
1652865660,3.47,19.954,0.041,0.916
1652865720,3.47,19.945,0.041,0.916
1652865780,3.47,19.945,0.041,0.916
1652865840,3.47,19.954,0.041,0.916
1652865900,3.47,19.945,0.041,0.916
1652865960,3.47,19.954,0.042,0.916
1652866020,3.47,19.945,0.041,0.916
1652866080,3.47,19.945,0.042,0.916
1652866140,3.47,19.937,0.042,0.916
1652866200,3.47,19.954,0.041,0.916
1652866260,3.47,19.945,0.041,0.916
1652866320,3.47,19.92,0.042,0.916
1652866380,3.47,19.945,0.041,0.916
1652866440,3.47,19.954,0.041,0.916
1652866500,3.47,19.937,0.041,0.916
1652866560,3.47,19.97,0.041,0.916
1652866620,3.47,19.945,0.041,0.916
1652866680,3.47,19.945,0.041,0.916
1652866740,3.47,19.937,0.041,0.916
1652866800,3.47,19.937,0.041,0.916
1652866860,3.47,19.937,0.041,0.916
1652866920,3.47,19.937,0.041,0.916
1652866980,3.47,19.945,0.042,0.916
1652867040,3.47,19.929,0.041,0.916
1652867100,3.47,19.945,0.042,0.916
1652867160,3.47,19.912,0.042,0.916
1652867220,3.47,19.954,0.041,0.916
1652867280,3.47,19.945,0.041,0.916
1652867340,3.47,19.929,0.041,0.916
1652867400,3.47,19.937,0.042,0.916
1652867460,3.47,19.954,0.041,0.916
1652867520,3.47,19.937,0.041,0.916
1652867580,3.47,19.937,0.041,0.916
1652867640,3.47,19.929,0.04,0.916
1652867700,3.47,19.92,0.041,0.916
1652867760,3.47,19.937,0.042,0.916
1652867820,3.47,19.937,0.042,0.916
1652867880,3.47,19.937,0.041,0.916
1652867940,3.47,19.92,0.041,0.916
1652868000,3.47,19.912,0.042,0.916
1652868060,3.47,19.937,0.041,0.916
1652868120,3.47,19.929,0.041,0.916
1652868180,3.47,19.937,0.041,0.916
1652868240,3.47,19.92,0.042,0.916
1652868300,3.47,19.945,0.041,0.916
1652868360,3.47,19.937,0.041,0.916
1652868420,3.47,19.92,0.042,0.916
1652868480,3.47,19.945,0.041,0.916
1652868540,3.47,19.92,0.041,0.916
1652868600,3.47,19.92,0.041,0.916
1652868660,3.47,19.912,0.042,0.916
1652868720,3.47,19.92,0.041,0.916
1652868780,3.47,19.92,0.041,0.916
1652868840,3.47,19.929,0.041,0.916
1652868900,3.47,19.929,0.042,0.916
1652868960,3.47,19.937,0.042,0.916
1652869020,3.47,19.937,0.041,0.916
1652869080,3.47,19.929,0.041,0.916
1652869140,3.47,19.92,0.041,0.916
1652869200,3.47,19.945,0.042,0.916
1652869260,3.47,19.92,0.041,0.916
1652869320,3.47,19.929,0.041,0.916
1652869380,3.47,19.903,0.041,0.916
1652869440,3.47,19.912,0.041,0.916
1652869500,3.47,19.92,0.041,0.916
1652869560,3.47,19.937,0.041,0.916
1652869620,3.47,19.912,0.042,0.916
1652869680,3.47,19.912,0.041,0.916
1652869740,3.47,19.903,0.041,0.916
1652869800,3.47,19.903,0.041,0.916
1652869860,3.47,19.929,0.042,0.916
1652869920,3.47,19.912,0.042,0.916
1652869980,3.47,19.912,0.041,0.916
1652870040,3.47,19.929,0.042,0.916
1652870100,3.47,19.912,0.041,0.916
1652870160,3.47,19.912,0.041,0.916
1652870220,3.47,19.929,0.042,0.916
1652870280,3.47,19.92,0.042,0.916
1652870340,3.47,19.92,0.041,0.916
1652870400,3.47,19.912,0.041,0.916
1652870460,3.47,19.912,0.041,0.916
1652870520,3.47,19.92,0.042,0.916
1652870580,3.47,19.92,0.041,0.916
1652870640,3.47,19.903,0.041,0.916
1652870700,3.47,19.929,0.041,0.916
1652870760,3.47,19.92,0.041,0.916
1652870820,3.47,19.912,0.041,0.916
1652870880,3.47,19.92,0.04,0.916
1652870940,3.47,19.92,0.041,0.916
1652871000,3.47,19.903,0.041,0.916
1652871060,3.47,19.912,0.041,0.916
1652871120,3.47,19.903,0.042,0.916
1652871180,3.47,19.912,0.041,0.916
1652871240,3.47,19.903,0.041,0.916
1652871300,3.47,19.912,0.041,0.916
1652871360,3.47,19.92,0.042,0.916
1652871420,3.47,19.912,0.042,0.916
1652871480,3.47,19.912,0.041,0.916
1652871540,3.47,19.912,0.041,0.916
1652871600,3.47,19.895,0.041,0.916
1652871660,3.47,19.912,0.042,0.916
1652871720,3.47,19.895,0.042,0.916
1652871780,3.47,19.895,0.041,0.916
1652871840,3.47,19.903,0.042,0.916
1652871900,3.47,19.895,0.042,0.916
1652871960,3.47,19.903,0.041,0.916
1652872020,3.47,19.887,0.042,0.916
1652872080,3.47,19.895,0.041,0.916
1652872140,3.47,19.887,0.042,0.916
1652872200,3.47,19.903,0.041,0.916
1652872260,3.47,19.887,0.042,0.916
1652872320,3.47,19.895,0.042,0.916
1652872380,3.47,19.895,0.041,0.916
1652872440,3.47,19.895,0.041,0.916
1652872500,3.47,19.895,0.042,0.916
1652872560,3.47,19.895,0.041,0.916
1652872620,3.47,19.895,0.042,0.916
1652872680,3.47,19.895,0.041,0.916
1652872740,3.47,19.887,0.041,0.916
1652872800,3.47,19.895,0.041,0.916
1652872860,3.47,19.887,0.042,0.916
1652872920,3.47,19.887,0.041,0.916
1652872980,3.47,19.887,0.041,0.916
1652873040,3.47,19.878,0.041,0.916
1652873100,3.47,19.878,0.042,0.916
1652873160,3.47,19.878,0.041,0.916
1652873220,3.47,19.887,0.041,0.916
1652873280,3.47,19.878,0.043,0.916
1652873340,3.47,19.87,0.041,0.916
1652873400,3.47,19.87,0.041,0.916
1652873460,3.47,19.895,0.042,0.916
1652873520,3.47,19.878,0.041,0.916
1652873580,3.47,19.887,0.042,0.916
1652873640,3.47,19.862,0.041,0.916
1652873700,3.47,19.87,0.042,0.916
1652873760,3.47,19.87,0.041,0.916
1652873820,3.47,19.87,0.041,0.916
1652873880,3.47,19.87,0.041,0.916
1652873940,3.47,19.87,0.042,0.916
1652874000,3.47,19.878,0.041,0.916
1652874060,3.47,19.862,0.042,0.916
1652874120,3.47,19.87,0.041,0.916
1652874180,3.47,19.87,0.041,0.916
1652874240,3.47,19.87,0.042,0.916
1652874300,3.47,19.853,0.041,0.916
1652874360,3.47,19.862,0.042,0.916
1652874420,3.47,19.862,0.041,0.916
1652874480,3.47,19.862,0.042,0.916
1652874540,3.47,19.853,0.04,0.916
1652874600,3.47,19.878,0.041,0.916
1652874660,3.47,19.853,0.041,0.916
1652874720,3.47,19.87,0.041,0.916
1652874780,3.47,19.87,0.041,0.916
1652874840,3.47,19.87,0.041,0.916
1652874900,3.47,19.878,0.04,0.916
1652874960,3.47,19.853,0.042,0.916
1652875020,3.47,19.845,0.041,0.916
1652875080,3.47,19.853,0.041,0.916
1652875140,3.47,19.862,0.041,0.916
1652875200,3.47,19.87,0.041,0.916
1652875260,3.47,19.853,0.042,0.916
1652875320,3.47,19.87,0.041,0.916
1652875380,3.47,19.845,0.041,0.916
1652875440,3.47,19.862,0.041,0.916
1652875500,3.47,19.853,0.041,0.916
1652875560,3.47,19.862,0.041,0.916
1652875620,3.47,19.837,0.041,0.916
1652875680,3.47,19.862,0.041,0.916
1652875740,3.47,19.837,0.042,0.916
1652875800,3.47,19.853,0.042,0.916
1652875860,3.47,19.845,0.041,0.916
1652875920,3.47,19.837,0.041,0.916
1652875980,3.47,19.845,0.041,0.916
1652876040,3.47,19.845,0.042,0.916
1652876100,3.47,19.862,0.041,0.916
1652876160,3.47,19.853,0.041,0.916
1652876220,3.47,19.845,0.042,0.916
1652876280,3.47,19.853,0.041,0.916
1652876340,3.47,19.845,0.041,0.916
1652876400,3.47,19.862,0.042,0.916
1652876460,3.47,19.845,0.041,0.916
1652876520,3.47,19.853,0.041,0.916
1652876580,3.47,19.845,0.042,0.916
1652876640,3.47,19.837,0.041,0.916
1652876700,3.47,19.837,0.041,0.916
1652876760,3.47,19.845,0.042,0.916
1652876820,3.47,19.845,0.041,0.916
1652876880,3.47,19.845,0.042,0.916
1652876940,3.47,19.828,0.042,0.916
1652877000,3.47,19.845,0.041,0.916
1652877060,3.47,19.853,0.041,0.916
1652877120,3.47,19.828,0.042,0.916
1652877180,3.47,19.828,0.041,0.916
1652877240,3.47,19.837,0.041,0.916
1652877300,3.47,19.828,0.042,0.916
1652877360,3.47,19.837,0.041,0.916
1652877420,3.47,19.845,0.042,0.916
1652877480,3.47,19.837,0.042,0.916
1652877540,3.47,19.837,0.041,0.916
1652877600,3.47,19.828,0.041,0.916
1652877660,3.47,19.837,0.041,0.916
1652877720,3.47,19.837,0.042,0.916
1652877780,3.47,19.828,0.042,0.916
1652877840,3.47,19.845,0.041,0.916
1652877900,3.47,19.82,0.042,0.916
1652877960,3.47,19.828,0.041,0.916
1652878020,3.47,19.82,0.041,0.916
1652878080,3.47,19.837,0.041,0.916
1652878140,3.47,19.837,0.041,0.916
1652878200,3.47,19.828,0.042,0.916
1652878260,3.47,19.828,0.042,0.916
1652878320,3.47,19.82,0.042,0.916
1652878380,3.47,19.828,0.041,0.916
1652878440,3.47,19.828,0.042,0.916
1652878500,3.47,19.828,0.041,0.916
1652878560,3.47,19.828,0.041,0.916
1652878620,3.47,19.82,0.041,0.916
1652878680,3.47,19.828,0.041,0.916
1652878740,3.47,19.828,0.041,0.916
1652878800,3.47,19.82,0.042,0.916
1652878860,3.47,19.82,0.042,0.916
1652878920,3.47,19.828,0.042,0.916
1652878980,3.47,19.82,0.041,0.916
1652879040,3.47,19.82,0.041,0.916
1652879100,3.47,19.82,0.041,0.916
1652879160,3.47,19.811,0.042,0.916
1652879220,3.47,19.82,0.041,0.916
1652879280,3.47,19.82,0.042,0.916
1652879340,3.47,19.82,0.041,0.916
1652879400,3.47,19.837,0.042,0.916
1652879460,3.47,19.811,0.041,0.916
1652879520,3.47,19.82,0.041,0.916
1652879580,3.47,19.82,0.041,0.916
1652879640,3.47,19.82,0.041,0.916
1652879700,3.47,19.811,0.042,0.916
1652879760,3.47,19.803,0.042,0.916
1652879820,3.47,19.795,0.041,0.916
1652879880,3.47,19.795,0.042,0.916
1652879940,3.47,19.811,0.041,0.916
1652880000,3.47,19.795,0.042,0.916
1652880060,3.47,19.811,0.041,0.916
1652880120,3.47,19.82,0.041,0.916
1652880180,3.47,19.811,0.042,0.916
1652880240,3.47,19.803,0.041,0.916
1652880300,3.47,19.803,0.041,0.916
1652880360,3.47,19.803,0.041,0.916
1652880420,3.47,19.795,0.042,0.916
1652880480,3.47,19.803,0.041,0.916
1652880540,3.47,19.786,0.041,0.916
1652880600,3.47,19.803,0.041,0.916
1652880660,3.47,19.786,0.042,0.916
1652880720,3.47,19.778,0.041,0.916
1652880780,3.47,19.778,0.042,0.916
1652880840,3.47,19.778,0.042,0.916
1652880900,3.47,19.795,0.042,0.916
1652880960,3.47,19.803,0.041,0.916
1652881020,3.47,19.786,0.041,0.916
1652881080,3.47,19.778,0.041,0.916
1652881140,3.47,19.786,0.041,0.916
1652881200,3.47,19.786,0.041,0.916
1652881260,3.47,19.786,0.041,0.916
1652881320,3.47,19.778,0.041,0.916
1652881380,3.47,19.77,0.042,0.916
1652881440,3.47,19.778,0.042,0.916
1652881500,3.47,19.761,0.041,0.916
1652881560,3.47,19.753,0.041,0.916
1652881620,3.47,19.761,0.042,0.916
1652881680,3.47,19.744,0.041,0.916
1652881740,3.47,19.753,0.042,0.916
1652881800,3.47,19.744,0.042,0.916
1652881860,3.47,19.761,0.041,0.916
1652881920,3.47,19.761,0.041,0.916
1652881980,3.47,19.753,0.041,0.916
1652882040,3.47,19.744,0.041,0.916
1652882100,3.47,19.761,0.041,0.916
1652882160,3.47,19.736,0.042,0.916
1652882220,3.47,19.744,0.041,0.916
1652882280,3.47,19.753,0.041,0.916
1652882340,3.47,19.744,0.041,0.916
1652882400,3.47,19.753,0.041,0.916
1652882460,3.47,19.728,0.042,0.916
1652882520,3.47,19.736,0.042,0.916
1652882580,3.47,19.744,0.041,0.916
1652882640,3.47,19.719,0.041,0.916
1652882700,3.47,19.728,0.042,0.916
1652882760,3.47,19.719,0.042,0.916
1652882820,3.47,19.728,0.042,0.916
1652882880,3.47,19.703,0.042,0.916
1652882940,3.47,19.711,0.041,0.916
1652883000,3.47,19.711,0.041,0.916
1652883060,3.47,19.703,0.041,0.916
1652883120,3.47,19.719,0.041,0.916
1652883180,3.47,19.719,0.041,0.916
1652883240,3.47,19.719,0.041,0.916
1652883300,3.47,19.694,0.042,0.916
1652883360,3.47,19.719,0.041,0.916
1652883420,3.47,19.694,0.042,0.916
1652883480,3.47,19.694,0.041,0.916
1652883540,3.47,19.703,0.042,0.916
1652883600,3.47,19.694,0.042,0.916
1652883660,3.47,19.694,0.042,0.916
1652883720,3.47,19.694,0.042,0.916
1652883780,3.47,19.694,0.041,0.916
1652883840,3.47,19.686,0.041,0.916
1652883900,3.47,19.694,0.041,0.916
1652883960,3.47,19.669,0.042,0.916
1652884020,3.47,19.677,0.041,0.916
1652884080,3.47,19.677,0.041,0.916
1652884140,3.47,19.669,0.041,0.916
1652884200,3.47,19.661,0.041,0.916
1652884260,3.47,19.677,0.041,0.916
1652884320,3.47,19.686,0.041,0.916
1652884380,3.47,19.669,0.041,0.916
1652884440,3.47,19.677,0.041,0.916
1652884500,3.47,19.677,0.04,0.916
1652884560,3.47,19.661,0.041,0.916
1652884620,3.47,19.661,0.041,0.916
1652884680,3.47,19.661,0.041,0.916
1652884740,3.47,19.686,0.042,0.916
1652884800,3.47,19.652,0.041,0.917
1652884860,3.47,19.636,0.042,0.916
1652884920,3.47,19.661,0.041,0.916
1652884980,3.47,19.652,0.041,0.916
1652885040,3.47,19.669,0.042,0.916
1652885100,3.47,19.661,0.041,0.916
1652885160,3.47,19.644,0.042,0.916
1652885220,3.47,19.652,0.042,0.916
1652885280,3.47,19.644,0.041,0.916
1652885340,3.47,19.652,0.041,0.916
1652885400,3.47,19.627,0.041,0.916
1652885460,3.47,19.636,0.042,0.917
1652885520,3.47,19.627,0.042,0.917
1652885580,3.47,19.636,0.041,0.916
1652885640,3.47,19.627,0.041,0.916
1652885700,3.47,19.636,0.042,0.916
1652885760,3.47,19.644,0.041,0.916
1652885820,3.47,19.644,0.042,0.916
1652885880,3.47,19.61,0.041,0.916
1652885940,3.47,19.619,0.042,0.916
1652886000,3.47,19.619,0.041,0.916
1652886060,3.47,19.636,0.041,0.916
1652886120,3.47,19.619,0.042,0.916
1652886180,3.47,19.627,0.041,0.916
1652886240,3.47,19.636,0.041,0.916
1652886300,3.47,19.594,0.042,0.916
1652886360,3.47,19.619,0.041,0.916
1652886420,3.47,19.602,0.042,0.916
1652886480,3.47,19.61,0.042,0.916
1652886540,3.47,19.585,0.041,0.916
1652886600,3.47,19.61,0.041,0.916
1652886660,3.47,19.577,0.042,0.916
1652886720,3.47,19.585,0.041,0.916
1652886780,3.47,19.602,0.041,0.916
1652886840,3.47,19.619,0.041,0.916
1652886900,3.47,19.602,0.041,0.916
1652886960,3.47,19.594,0.042,0.916
1652887020,3.47,19.585,0.041,0.916
1652887080,3.47,19.585,0.041,0.916
1652887140,3.47,19.577,0.042,0.916
1652887200,3.47,19.594,0.041,0.916
1652887260,3.47,19.577,0.041,0.916
1652887320,3.47,19.577,0.041,0.916
1652887380,3.47,19.585,0.041,0.916
1652887440,3.47,19.577,0.042,0.916
1652887500,3.47,19.594,0.041,0.916
1652887560,3.47,19.569,0.041,0.916
1652887620,3.47,19.585,0.042,0.916
1652887680,3.47,19.577,0.041,0.917
1652887740,3.47,19.569,0.042,0.916
1652887800,3.47,19.569,0.041,0.916
1652887860,3.47,19.56,0.041,0.916
1652887920,3.47,19.56,0.041,0.916
1652887980,3.47,19.552,0.042,0.916
1652888040,3.47,19.552,0.041,0.916
1652888100,3.47,19.552,0.041,0.916
1652888160,3.47,19.56,0.042,0.916
1652888220,3.47,19.552,0.042,0.916
1652888280,3.47,19.56,0.042,0.916
1652888340,3.47,19.56,0.041,0.916
1652888400,3.47,19.569,0.041,0.916
1652888460,3.47,19.543,0.041,0.916
1652888520,3.47,19.56,0.041,0.916
1652888580,3.47,19.56,0.042,0.916
1652888640,3.47,19.543,0.041,0.916
1652888700,3.47,19.543,0.041,0.916
1652888760,3.47,19.535,0.042,0.916
1652888820,3.47,19.543,0.041,0.916
1652888880,3.47,19.527,0.041,0.916
1652888940,3.47,19.527,0.042,0.917
1652889000,3.47,19.535,0.042,0.916
1652889060,3.47,19.535,0.042,0.916
1652889120,3.47,19.527,0.041,0.916
1652889180,3.47,19.535,0.042,0.917
1652889240,3.47,19.502,0.042,0.916
1652889300,3.47,19.535,0.041,0.916
1652889360,3.47,19.527,0.041,0.916
1652889420,3.47,19.518,0.042,0.916
1652889480,3.47,19.518,0.041,0.916
1652889540,3.47,19.51,0.041,0.916
1652889600,3.47,19.518,0.041,0.916
1652889660,3.47,19.518,0.041,0.916
1652889720,3.47,19.502,0.041,0.916
1652889780,3.47,19.518,0.041,0.916
1652889840,3.47,19.502,0.041,0.916
1652889900,3.47,19.51,0.041,0.916
1652889960,3.47,19.502,0.041,0.916
1652890020,3.47,19.518,0.041,0.916
1652890080,3.47,19.493,0.042,0.916
1652890140,3.47,19.502,0.042,0.916
1652890200,3.47,19.493,0.042,0.916
1652890260,3.47,19.502,0.041,0.916
1652890320,3.47,19.518,0.041,0.916
1652890380,3.47,19.502,0.042,0.916
1652890440,3.47,19.502,0.042,0.916
1652890500,3.47,19.476,0.041,0.916
1652890560,3.47,19.502,0.042,0.916
1652890620,3.47,19.476,0.041,0.916
1652890680,3.47,19.485,0.041,0.916
1652890740,3.47,19.493,0.041,0.917
1652890800,3.47,19.493,0.041,0.916
1652890860,3.47,19.476,0.042,0.916
1652890920,3.47,19.468,0.042,0.916
1652890980,3.47,19.485,0.042,0.916
1652891040,3.47,19.476,0.042,0.917
1652891100,3.47,19.476,0.041,0.916
1652891160,3.47,19.476,0.041,0.916
1652891220,3.47,19.485,0.042,0.916
1652891280,3.47,19.485,0.041,0.916
1652891340,3.47,19.46,0.041,0.916
1652891400,3.47,19.476,0.041,0.916
1652891460,3.47,19.46,0.042,0.916
1652891520,3.47,19.476,0.042,0.917
1652891580,3.47,19.468,0.042,0.917
1652891640,3.47,19.46,0.042,0.916
1652891700,3.47,19.46,0.042,0.916
1652891760,3.47,19.468,0.041,0.916
1652891820,3.47,19.451,0.041,0.916
1652891880,3.47,19.476,0.042,0.916
1652891940,3.47,19.46,0.041,0.917
1652892000,3.47,19.468,0.041,0.916
1652892060,3.47,19.46,0.042,0.917
1652892120,3.47,19.468,0.042,0.916
1652892180,3.47,19.46,0.042,0.916
1652892240,3.47,19.468,0.042,0.917
1652892300,3.47,19.468,0.041,0.916
1652892360,3.47,19.46,0.042,0.917
1652892420,3.47,19.46,0.042,0.916
1652892480,3.47,19.451,0.042,0.916
1652892540,3.47,19.443,0.042,0.916
1652892600,3.47,19.485,0.041,0.916
1652892660,3.47,19.468,0.041,0.916
1652892720,3.47,19.468,0.042,0.916
1652892780,3.47,19.476,0.041,0.916
1652892840,3.47,19.476,0.042,0.916
1652892900,3.47,19.468,0.041,0.916
1652892960,3.47,19.468,0.042,0.916
1652893020,3.47,19.476,0.041,0.916
1652893080,3.47,19.476,0.042,0.917
1652893140,3.47,19.476,0.041,0.916
1652893200,3.47,19.476,0.042,0.917
1652893260,3.47,19.485,0.041,0.916
1652893320,3.47,19.476,0.042,0.916
1652893380,3.47,19.51,0.042,0.916
1652893440,3.47,19.493,0.042,0.916
1652893500,3.47,19.493,0.042,0.917
1652893560,3.47,19.51,0.041,0.916
1652893620,3.47,19.502,0.041,0.916
1652893680,3.47,19.527,0.041,0.916
1652893740,3.47,19.502,0.042,0.916
1652893800,3.47,19.518,0.042,0.916
1652893860,3.47,19.51,0.042,0.916
1652893920,3.47,19.518,0.042,0.916
1652893980,3.47,19.527,0.042,0.916
1652894040,3.47,19.51,0.041,0.916
1652894100,3.47,19.518,0.041,0.916
1652894160,3.47,19.51,0.041,0.916
1652894220,3.47,19.527,0.041,0.916
1652894280,3.47,19.543,0.041,0.916
1652894340,3.47,19.518,0.042,0.916
1652894400,3.47,19.518,0.042,0.916
1652894460,3.47,19.518,0.041,0.916
1652894520,3.47,19.527,0.042,0.916
1652894580,3.47,19.543,0.041,0.916
1652894640,3.47,19.543,0.041,0.916
1652894700,3.47,19.543,0.042,0.916
1652894760,3.47,19.518,0.042,0.916
1652894820,3.47,19.535,0.042,0.916
1652894880,3.47,19.535,0.042,0.916
1652894940,3.47,19.535,0.041,0.916
1652895000,3.47,19.535,0.041,0.916
1652895060,3.47,19.527,0.042,0.916
1652895120,3.47,19.535,0.041,0.916
1652895180,3.47,19.535,0.042,0.916
1652895240,3.47,19.518,0.042,0.916
1652895300,3.47,19.518,0.042,0.916
1652895360,3.47,19.527,0.041,0.916
1652895420,3.47,19.543,0.041,0.916
1652895480,3.47,19.527,0.042,0.916
1652895540,3.47,19.502,0.041,0.916
1652895600,3.47,19.51,0.041,0.916
1652895660,3.47,19.51,0.042,0.916
1652895720,3.47,19.527,0.041,0.916
1652895780,3.47,19.518,0.042,0.916
1652895840,3.47,19.527,0.042,0.916
1652895900,3.47,19.535,0.041,0.916
1652895960,3.47,19.518,0.041,0.916
1652896020,3.47,19.51,0.042,0.916
1652896080,3.47,19.51,0.041,0.916
1652896140,3.47,19.518,0.041,0.916
1652896200,3.47,19.502,0.042,0.916
1652896260,3.47,19.51,0.041,0.916
1652896320,3.47,19.518,0.042,0.916
1652896380,3.47,19.527,0.042,0.916
1652896440,3.47,19.518,0.041,0.916
1652896500,3.47,19.518,0.042,0.916
1652896560,3.47,19.527,0.041,0.916
1652896620,3.47,19.518,0.041,0.916
1652896680,3.47,19.518,0.041,0.916
1652896740,3.47,19.502,0.042,0.916
1652896800,3.47,19.518,0.042,0.916
1652896860,3.47,19.527,0.041,0.916
1652896920,3.47,19.502,0.042,0.916
1652896980,3.47,19.51,0.042,0.916
1652897040,3.47,19.518,0.042,0.916
1652897100,3.47,19.518,0.042,0.916
1652897160,3.47,19.51,0.041,0.916
1652897220,3.47,19.518,0.042,0.916
1652897280,3.47,19.502,0.041,0.916
1652897340,3.47,19.51,0.041,0.916
1652897400,3.47,19.51,0.041,0.916
1652897460,3.47,19.518,0.042,0.916
1652897520,3.47,19.493,0.042,0.916
1652897580,3.47,19.51,0.041,0.916
1652897640,3.47,19.51,0.041,0.916
1652897700,3.47,19.485,0.042,0.916
1652897760,3.47,19.493,0.042,0.916
1652897820,3.47,19.493,0.041,0.916
1652897880,3.47,19.51,0.042,0.916
1652897940,3.47,19.493,0.041,0.916
1652898000,3.47,19.502,0.042,0.916
1652898060,3.47,19.518,0.042,0.916
1652898120,3.47,19.502,0.042,0.917
1652898180,3.47,19.51,0.042,0.916
1652898240,3.47,19.502,0.042,0.916
1652898300,3.47,19.493,0.041,0.916
1652898360,3.47,19.485,0.041,0.916
1652898420,3.47,19.51,0.041,0.916
1652898480,3.47,19.51,0.041,0.916
1652898540,3.47,19.502,0.041,0.916
1652898600,3.47,19.518,0.041,0.916
1652898660,3.47,19.485,0.041,0.916
1652898720,3.47,19.51,0.042,0.916
1652898780,3.47,19.502,0.042,0.916
1652898840,3.47,19.518,0.042,0.916
1652898900,3.47,19.518,0.042,0.916
1652898960,3.47,19.493,0.041,0.916
1652899020,3.47,19.51,0.042,0.916
1652899080,3.47,19.493,0.041,0.916
1652899140,3.47,19.502,0.041,0.916
1652899200,3.47,19.51,0.041,0.916
1652899260,3.47,19.51,0.042,0.916
1652899320,3.47,19.51,0.042,0.917
1652899380,3.47,19.493,0.041,0.916
1652899440,3.47,19.51,0.042,0.916
1652899500,3.47,19.51,0.041,0.916
1652899560,3.47,19.51,0.041,0.916
1652899620,3.47,19.51,0.042,0.917
1652899680,3.47,19.51,0.042,0.916
1652899740,3.47,19.51,0.041,0.916
1652899800,3.47,19.493,0.042,0.916
1652899860,3.47,19.493,0.042,0.916
1652899920,3.47,19.527,0.041,0.916
1652899980,3.47,19.51,0.042,0.916
1652900040,3.47,19.502,0.042,0.916
1652900100,3.47,19.51,0.042,0.916
1652900160,3.47,19.518,0.042,0.916
1652900220,3.47,19.527,0.041,0.916
1652900280,3.47,19.51,0.041,0.916
1652900340,3.47,19.51,0.041,0.916
1652900400,3.47,19.51,0.042,0.916
1652900460,3.47,19.527,0.042,0.916
1652900520,3.47,19.518,0.042,0.916
1652900580,3.47,19.518,0.042,0.916
1652900640,3.47,19.51,0.042,0.916
1652900700,3.47,19.527,0.041,0.916
1652900760,3.47,19.502,0.042,0.916
1652900820,3.47,19.518,0.042,0.916
1652900880,3.47,19.518,0.042,0.916
1652900940,3.47,19.518,0.041,0.916
1652901000,3.47,19.527,0.041,0.916
1652901060,3.47,19.527,0.043,0.916
1652901120,3.47,19.51,0.042,0.916
1652901180,3.47,19.518,0.041,0.916
1652901240,3.47,19.518,0.042,0.916
1652901300,3.47,19.527,0.042,0.916
1652901360,3.47,19.527,0.042,0.916
1652901420,3.47,19.527,0.041,0.916
1652901480,3.47,19.527,0.042,0.916
1652901540,3.47,19.543,0.041,0.916
1652901600,3.47,19.518,0.042,0.916
1652901660,3.47,19.527,0.042,0.916
1652901720,3.47,19.527,0.042,0.916
1652901780,3.47,19.543,0.042,0.916
1652901840,3.47,19.552,0.041,0.916
1652901900,3.47,19.527,0.042,0.916
1652901960,3.47,19.552,0.041,0.916
1652902020,3.47,19.543,0.041,0.916
1652902080,3.47,19.535,0.041,0.916
1652902140,3.47,19.535,0.041,0.916
1652902200,3.47,19.543,0.041,0.916
1652902260,3.47,19.518,0.042,0.916
1652902320,3.47,19.527,0.042,0.916
1652902380,3.47,19.535,0.042,0.916
1652902440,3.47,19.56,0.042,0.916
1652902500,3.47,19.552,0.041,0.916
1652902560,3.47,19.552,0.042,0.916
1652902620,3.47,19.56,0.042,0.916
1652902680,3.47,19.543,0.042,0.916
1652902740,3.47,19.569,0.041,0.916
1652902800,3.47,19.552,0.041,0.916
1652902860,3.47,19.543,0.041,0.916
1652902920,3.47,19.56,0.041,0.916
1652902980,3.47,19.56,0.041,0.916
1652903040,3.47,19.569,0.042,0.916
1652903100,3.47,19.569,0.042,0.916
1652903160,3.47,19.552,0.041,0.916
1652903220,3.47,19.569,0.042,0.916
1652903280,3.47,19.569,0.041,0.916
1652903340,3.47,19.569,0.042,0.916
1652903400,3.47,19.56,0.041,0.916
1652903460,3.47,19.577,0.041,0.916
1652903520,3.47,19.585,0.041,0.916
1652903580,3.47,19.569,0.042,0.916
1652903640,3.47,19.569,0.042,0.916
1652903700,3.47,19.577,0.041,0.916
1652903760,3.47,19.585,0.042,0.916
1652903820,3.47,19.585,0.042,0.916
1652903880,3.47,19.585,0.041,0.916
1652903940,3.47,19.577,0.041,0.916
1652904000,3.47,19.585,0.042,0.916
1652904060,3.47,19.585,0.042,0.916
1652904120,3.47,19.594,0.042,0.916
1652904180,3.47,19.594,0.042,0.916
1652904240,3.47,19.594,0.042,0.916
1652904300,3.47,19.585,0.041,0.916
1652904360,3.47,19.585,0.042,0.917
1652904420,3.47,19.585,0.042,0.916
1652904480,3.47,19.602,0.041,0.916
1652904540,3.47,19.594,0.041,0.916
1652904600,3.47,19.602,0.041,0.916
1652904660,3.47,19.627,0.041,0.916
1652904720,3.47,19.602,0.041,0.916
1652904780,3.47,19.627,0.041,0.916
1652904840,3.47,19.61,0.042,0.916
1652904900,3.47,19.61,0.042,0.916
1652904960,3.47,19.61,0.042,0.916
1652905020,3.47,19.61,0.042,0.916
1652905080,3.47,19.602,0.042,0.916
1652905140,3.47,19.61,0.042,0.916
1652905200,3.47,19.619,0.042,0.916
1652905260,3.47,19.619,0.041,0.916
1652905320,3.47,19.636,0.041,0.916
1652905380,3.47,19.619,0.042,0.916
1652905440,3.47,19.636,0.042,0.916
1652905500,3.47,19.636,0.041,0.916
1652905560,3.47,19.636,0.041,0.916
1652905620,3.47,19.644,0.042,0.916
1652905680,3.47,19.636,0.042,0.916
1652905740,3.47,19.652,0.041,0.916
1652905800,3.47,19.636,0.041,0.916
1652905860,3.47,19.652,0.042,0.916
1652905920,3.47,19.661,0.042,0.916
1652905980,3.47,19.652,0.042,0.916
1652906040,3.47,19.669,0.042,0.916
1652906100,3.47,19.652,0.042,0.916
1652906160,3.47,19.677,0.042,0.916
1652906220,3.47,19.677,0.041,0.916
1652906280,3.47,19.661,0.042,0.916
1652906340,3.47,19.669,0.042,0.916
1652906400,3.47,19.677,0.041,0.916
1652906460,3.47,19.669,0.042,0.916
1652906520,3.47,19.677,0.042,0.916
1652906580,3.47,19.669,0.042,0.916
1652906640,3.47,19.686,0.041,0.916
1652906700,3.47,19.686,0.042,0.916
1652906760,3.47,19.703,0.042,0.916
1652906820,3.47,19.703,0.042,0.916
1652906880,3.47,19.694,0.041,0.916
1652906940,3.47,19.686,0.041,0.916
1652907000,3.47,19.711,0.041,0.916
1652907060,3.47,19.686,0.042,0.916
1652907120,3.47,19.711,0.042,0.916
1652907180,3.47,19.703,0.042,0.916
1652907240,3.47,19.719,0.042,0.916
1652907300,3.47,19.719,0.042,0.916
1652907360,3.47,19.728,0.041,0.916
1652907420,3.47,19.719,0.042,0.916
1652907480,3.47,19.703,0.041,0.916
1652907540,3.47,19.728,0.042,0.916
1652907600,3.47,19.736,0.042,0.916
1652907660,3.47,19.728,0.041,0.916
1652907720,3.47,19.728,0.042,0.916
1652907780,3.47,19.736,0.041,0.916
1652907840,3.47,19.744,0.042,0.916
1652907900,3.47,19.753,0.041,0.916
1652907960,3.47,19.736,0.042,0.916
1652908020,3.47,19.744,0.042,0.916
1652908080,3.47,19.744,0.041,0.916
1652908140,3.47,19.753,0.041,0.916
1652908200,3.47,19.744,0.042,0.916
1652908260,3.47,19.753,0.042,0.916
1652908320,3.47,19.761,0.041,0.916
1652908380,3.47,19.753,0.041,0.916
1652908440,3.47,19.761,0.042,0.916
1652908500,3.47,19.778,0.042,0.916
1652908560,3.47,19.778,0.041,0.916
1652908620,3.47,19.786,0.042,0.916
1652908680,3.47,19.77,0.042,0.916
1652908740,3.47,19.778,0.042,0.916
1652908800,3.47,19.786,0.042,0.916
1652908860,3.47,19.786,0.041,0.916
1652908920,3.47,19.795,0.042,0.916
1652908980,3.47,19.786,0.042,0.916
1652909040,3.47,19.803,0.042,0.916
1652909100,3.47,19.803,0.042,0.916
1652909160,3.47,19.811,0.042,0.916
1652909220,3.47,19.82,0.042,0.916
1652909280,3.47,19.811,0.042,0.916
1652909340,3.47,19.828,0.041,0.916
1652909400,3.47,19.803,0.041,0.916
1652909460,3.47,19.803,0.042,0.916
1652909520,3.47,19.803,0.042,0.916
1652909580,3.47,19.811,0.041,0.916
1652909640,3.47,19.837,0.041,0.916
1652909700,3.47,19.837,0.042,0.916
1652909760,3.47,19.845,0.041,0.916
1652909820,3.47,19.837,0.041,0.916
1652909880,3.47,19.845,0.042,0.916
1652909940,3.47,19.837,0.041,0.916
1652910000,3.47,19.845,0.041,0.916
1652910060,3.47,19.845,0.042,0.916
1652910120,3.47,19.853,0.041,0.916
1652910180,3.47,19.862,0.042,0.916
1652910240,3.47,19.87,0.041,0.916
1652910300,3.47,19.87,0.042,0.916
1652910360,3.47,19.87,0.042,0.916
