"date","GPP","GPP.lower","GPP.upper","ER","ER.lower","ER.upper","msgs.fit","warnings","errors"
2019-06-07,NA,NA,NA,NA,NA,NA,"w     E","",""
2019-06-08,0.0484699095816623,0.00201805713890504,0.202483712759522,-3.12071319131921,-3.74221968665388,-2.48365531357271,"w      ","",""
2019-06-09,0.359928917937914,0.121328131991986,0.620129664042957,-2.71856648722978,-3.56131644414142,-2.01037907270796,"w      ","",""
2019-06-10,0.421609568182447,0.13340112738639,0.723056124276926,-2.68377744820978,-3.61160259873837,-1.8730110767714,"w      ","",""
2019-06-11,0.39318260763308,0.0717979679715075,0.725922996411492,-2.98847772038487,-4.15696519905817,-2.04411022681754,"w      ","",""
2019-06-12,0.674680192459542,0.255882972721735,1.07082099154904,-3.14777635742937,-4.26162676061505,-1.88667776529952,"w      ","",""
2019-06-13,0.663719535616142,0.346991341651316,1.00181523976968,-3.61466391886502,-4.75956331220913,-2.5331956573191,"w      ","",""
2019-06-14,NA,NA,NA,NA,NA,NA,"w     E","",""
2019-06-15,0.483638168047894,0.130969409297237,0.826472900934864,-2.83030139750742,-4.00738483040347,-1.56165863738271,"w      ","",""
2019-06-16,0.539165994088012,0.197108699855584,0.932910393412861,-2.85832856888811,-4.149027295313,-1.74124075774341,"w      ","",""
2019-06-17,0.140238190599931,6.57752086525509e-05,0.406627436519749,-2.09888866655851,-3.3421606065618,-1.18160629327715,"w      ","",""
2019-06-18,0.794708773479977,0.35493751591239,1.19058033749183,-3.0293173381094,-4.35582952892519,-1.61670087984047,"w      ","",""
2019-06-19,0.313464654964303,0.0962933376949335,0.55885998834205,-2.18368288604892,-3.35573742774414,-1.10381980898298,"w      ","",""
2019-06-20,0.436642512307498,0.150136139952396,0.797200940653942,-2.27125317501645,-3.47060481862791,-1.45356126527545,"w      ","",""
2019-06-21,NA,NA,NA,NA,NA,NA,"w     E","",""
2019-06-22,NA,NA,NA,NA,NA,NA,"w     E","",""
2019-06-23,0.375909794509139,0.125708484124617,0.62650023951305,-0.521686501676575,-1.35132078916681,-0.0757601525763742,"w      ","",""
2019-06-24,0.688035928542363,0.366453241852802,1.13296099916568,-2.81719359274196,-4.18449665209683,-1.81492457589971,"w      ","",""
2019-06-25,0.496696245554357,0.221389214480642,0.777553235641728,-1.77439068946379,-2.53948794147722,-1.01603075195514,"w      ","",""
2019-06-26,0.417532436935213,0.177966083885301,0.697981533511649,-2.0854237735523,-2.9956398861843,-1.3141110754995,"w      ","",""
2019-06-27,0.317572363899427,0.0911622365198251,0.591370773776772,-1.60943109177059,-2.6002364998995,-0.822444773474937,"w      ","",""
2019-06-28,NA,NA,NA,NA,NA,NA,"w     E","",""
2019-06-29,0.70260773168295,0.454429105103238,0.98380997150735,-2.8532567642998,-3.69341295658318,-2.02272926451126,"w      ","",""
2019-06-30,0.122179365815567,0.021775514726562,0.308571666182663,-2.16656533241319,-4.18709539758787,-0.0126221403451295,"w      ","",""
2019-07-01,0.706220567269704,0.40412523153077,1.03174309752389,-2.6686661340159,-3.76714648014076,-1.73621020965606,"w      ","",""
2019-07-02,0.439471545158451,0.240089344379253,0.685271588239277,-1.95734281653753,-2.70721151647899,-1.2647479488797,"w      ","",""
2019-07-03,0.711592152013753,0.36311400684259,1.036791294181,-2.20187847918809,-3.08367292722077,-1.06301980953852,"w      ","",""
2019-07-04,0.627457145526917,0.296207796290986,0.937101610863657,-2.59117227524257,-3.68824946872656,-1.48632140408116,"w      ","",""
2019-07-05,0.602084599390307,0.353451684852986,0.909373598197849,-2.5031881836054,-3.41286381411583,-1.76073153515722,"w      ","",""
2019-07-06,0.407871145784875,0.169837040440682,0.624828686152753,-2.32697798131665,-3.18928326328297,-1.45423638515454,"w      ","",""
2019-07-07,0.622801434987119,0.358248042790152,0.917381942960051,-2.79099162479649,-3.79748044302887,-1.70469703125372,"w      ","",""
2019-07-08,1.08906755739244,0.689383161886794,1.40447277680646,-3.12119320443244,-3.94075961652773,-2.16154032483273,"w      ","",""
2019-07-09,0.895137974389889,0.627790106698141,1.13500350880121,-2.72515565480687,-3.36921746307637,-2.05510675980292,"w      ","",""
2019-07-10,1.0701047549027,0.777526628694125,1.35659253268877,-3.45314820057343,-4.23302721620642,-2.5213717495656,"w      ","",""
2019-07-11,NA,NA,NA,NA,NA,NA,"w     E","",""
2019-07-12,0.199627066074264,0.0384816552603905,0.404727826061726,-0.553503167714006,-1.65673274407529,-0.0340688984629079,"w      ","",""
2019-07-13,0.310618940223991,0.112429452333157,0.529815454189951,-1.62588270419734,-2.39711135044177,-0.878213147093896,"w      ","",""
2019-07-14,0.711113210817872,0.403052211010286,1.04648885590808,-2.94947024981148,-4.0454508129667,-1.98135617499743,"w      ","",""
2019-07-15,0.71081572154411,0.341121497836607,1.04421119913233,-2.71481301329942,-3.60670731021671,-1.628904001604,"w      ","",""
2019-07-16,0.751438363995458,0.327791954935988,1.15861126506593,-3.07525158058655,-4.44818569019686,-1.59301251501394,"w      ","",""
2019-07-17,0.748652055954592,0.459647239167644,1.03014294163577,-2.65591848088566,-3.42905427030768,-1.88795707795834,"w      ","",""
2019-07-18,0.796287089746704,0.438069870969321,1.17656064858186,-3.24589611510253,-4.47973488015513,-1.93467581691985,"w      ","",""
2019-07-19,NA,NA,NA,NA,NA,NA,"w     E","",""
2019-07-20,NA,NA,NA,NA,NA,NA,"w     E","",""
2019-07-21,NA,NA,NA,NA,NA,NA,"w     E","",""
2019-07-22,NA,NA,NA,NA,NA,NA,"w     E","",""
2019-07-23,NA,NA,NA,NA,NA,NA,"w     E","",""
2019-07-24,NA,NA,NA,NA,NA,NA,"w     E","",""
2019-07-25,NA,NA,NA,NA,NA,NA,"w     E","",""
2019-07-26,0.292705603745209,0.0593881490874308,0.533879226611149,-0.0840049471283812,-0.392849705176167,-0.00395456688246506,"w      ","",""
2019-07-27,0.821576053918009,0.545076843110231,1.13278170988836,-2.02901368503204,-2.6833260775414,-1.3841640031151,"w      ","",""
2019-07-28,1.09728782461298,0.684793286528905,1.44446374386175,-2.5006934672883,-3.25925420222109,-1.5728281821339,"w      ","",""
2019-07-29,1.1234855373462,0.645800267263768,1.52064276117633,-2.60697826898415,-3.43928279669691,-1.53292379437401,"w      ","",""
2019-07-30,0.777146564014659,0.427965421227603,1.12590574835863,-1.72782547556743,-2.41562403331356,-1.08504334219153,"w      ","",""
2019-07-31,0.822484245576199,0.532673801328167,1.10463442586873,-1.36673010931504,-1.77689785117011,-0.939178828118382,"w      ","",""
2019-08-01,0.770842604539925,0.466410196790099,1.04060944093965,-1.34171284069909,-1.86035176202384,-0.795754976182569,"w      ","",""
2019-08-02,0.536126740687048,0.274965634470738,0.813814471883997,-0.840578745443892,-1.39656681944006,-0.334689611720876,"w      ","",""
2019-08-03,0.00270786814037814,0.000127387776478891,0.013154462644425,-0.367546139076723,-0.928292040423373,-0.026794228883904,"w      ","",""
2019-08-04,0.00930391671988201,0.000113713511191339,0.0516914683917251,-1.79427089797387,-2.17720945283551,-1.39257488511494,"w      ","",""
2019-08-05,0.438648756102285,0.223157343880726,0.669605842080638,-1.02943453596016,-1.35505175441535,-0.70769507848329,"w      ","",""
2019-08-06,0.197238812605849,0.0234589070146841,0.469876113570054,-0.552117960187441,-1.00099221256881,-0.221410042404843,"w      ","",""
2019-08-07,0.782425577056989,0.464417149958685,1.08158324759005,-0.0254183520264854,-0.138075351646752,-0.000892296886312016,"w      ","",""
2019-08-08,NA,NA,NA,NA,NA,NA,"w     E","",""
2019-08-09,NA,NA,NA,NA,NA,NA,"w     E","",""
2019-08-10,0.145420093121361,0.0198779276266173,0.388198047832365,-0.0312582961726378,-0.161878714188863,-0.00143932873121359,"w      ","",""
2019-08-11,NA,NA,NA,NA,NA,NA,"w     E","",""
2019-08-12,NA,NA,NA,NA,NA,NA,"w     E","",""
2019-08-22,NA,NA,NA,NA,NA,NA,"w     E","",""
2019-08-23,0.165223908924183,0.00687827265075623,0.369943192195849,-0.0382431858563899,-0.207349133970516,-0.00164338455851857,"w      ","",""
2019-08-24,0.0578453025848174,0.00272638155109564,0.198514347591268,-0.0293381511102516,-0.140598200841025,-0.00102648909837786,"w      ","",""
2019-08-25,0.186100625538965,0.0244928160116678,0.390926479393103,-0.030512740660235,-0.176990488626826,-0.00113159270043484,"w      ","",""
2019-08-26,0.174635991158328,0.0175424177453608,0.417702112795768,-0.0384756408637486,-0.202297335668387,-0.00113823189794384,"w      ","",""
2019-08-27,0.0804976109776652,0.00458305367693109,0.256244023017521,-0.0552124588347045,-0.255869856917467,-0.00331428786422301,"w      ","",""
2019-08-28,NA,NA,NA,NA,NA,NA,"w     E","",""
2019-09-11,NA,NA,NA,NA,NA,NA,"w     E","",""
2019-10-02,NA,NA,NA,NA,NA,NA,"w     E","",""
2019-10-03,0.0586633514558764,0.00189758035254268,0.178356716518409,-0.0551840072156494,-0.266140998348184,-0.00101208398588115,"w      ","",""
2019-10-04,0.0281158915660526,0.0014325835040843,0.105617680418045,-0.0287389737661028,-0.136489254735351,-0.00162397552962627,"w      ","",""
2019-10-05,0.100070390694309,0.011096486920553,0.227995916499792,-0.0385812103622523,-0.15870967318076,-0.00118627911328394,"w      ","",""
2019-10-06,0.0351465141489174,0.00169257871516545,0.136065320579455,-0.0304687860522033,-0.171297210945923,-0.000793476430989488,"w      ","",""
2019-10-07,0.0822307111629014,0.0058274076366648,0.217111191011331,-0.0749813652902234,-0.287008675439892,-0.00424539504143242,"w      ","",""
2019-10-08,0.0467178397791179,0.00131450591778439,0.169173564232156,-0.0921344530687074,-0.337990543990523,-0.00475829341049824,"w      ","",""
2019-10-09,0.0559125729210718,0.00414742059230454,0.169719413324423,-0.0967437695152259,-0.301657520387133,-0.0107492969180552,"w      ","",""
2019-10-10,0.0451157857984758,0.00247908073020296,0.153633472637006,-0.0701918197655481,-0.259378722702976,-0.00616832777812714,"w      ","",""
2019-10-11,0.0582973226879858,0.00267042915851688,0.170973765694263,-0.0381299015951798,-0.171115813823502,-0.00167336916316506,"w      ","",""
2019-10-12,0.136904526976412,0.0272964066739921,0.269705266770135,-0.0686964460497762,-0.278454951034365,-0.00381725382690688,"w      ","",""
2019-10-13,0.0726304365233967,0.0055108112746823,0.203945096933889,-0.0808871662194716,-0.287368499557573,-0.00170244321736717,"w      ","",""
2019-10-14,0.0243380426718335,0.00147266436776748,0.114286030421323,-0.293568573568436,-0.724085059774895,-0.0252319964950813,"w      ","",""
2019-10-15,0.024793659185668,0.00035763235519021,0.125359944587392,-1.23403532722106,-1.71017606375389,-0.784089296250847,"w      ","",""
2019-10-16,NA,NA,NA,NA,NA,NA,"w     E","",""
2020-06-05,NA,NA,NA,NA,NA,NA,"w     E","",""
2020-06-06,NA,NA,NA,NA,NA,NA,"w     E","",""
2020-06-07,NA,NA,NA,NA,NA,NA,"w     E","",""
2020-06-08,NA,NA,NA,NA,NA,NA,"w     E","",""
2020-06-09,NA,NA,NA,NA,NA,NA,"w     E","",""
2020-06-10,NA,NA,NA,NA,NA,NA,"w     E","",""
2020-06-11,NA,NA,NA,NA,NA,NA,"w     E","",""
2020-06-12,NA,NA,NA,NA,NA,NA,"w     E","",""
2020-06-13,NA,NA,NA,NA,NA,NA,"w     E","",""
2020-06-14,NA,NA,NA,NA,NA,NA,"w     E","",""
2020-06-15,NA,NA,NA,NA,NA,NA,"w     E","",""
2020-06-16,NA,NA,NA,NA,NA,NA,"w     E","",""
2020-06-17,0.0883924214540481,0.00140672061098892,0.281892573364817,-3.91725692233001,-5.25584192673646,-2.6161080155321,"w      ","",""
2020-06-18,0.214566831210076,0.0579714383859625,0.427650619548097,-3.6490503017325,-5.15505250783266,-2.19118696408537,"w      ","",""
2020-06-19,0.0574016890741829,0.00384929385792201,0.227797888629518,-1.3410456643538,-2.3353332297298,-0.255710818808175,"w      ","",""
2020-06-20,0.182329936785571,0.0302826193458772,0.419445745556181,-6.19902824392507,-7.79486423577817,-4.92591956648224,"w      ","",""
2020-06-21,0.0368057534555735,0.0020365794311669,0.172144313444481,-1.18003357596492,-2.8823945825587,-0.0620784139458779,"w      ","",""
2020-06-22,NA,NA,NA,NA,NA,NA,"w     E","",""
2020-07-08,NA,NA,NA,NA,NA,NA,"w     E","",""
2020-07-09,NA,NA,NA,NA,NA,NA,"w     E","",""
2020-07-10,NA,NA,NA,NA,NA,NA,"w     E","",""
2020-07-11,0.209101735369335,0.0419481364882478,0.431004562190923,-3.05554631470223,-4.3396150415041,-2.0021007757013,"w      ","",""
2020-07-12,0.333739781966643,0.132556100206319,0.546181987823665,-2.7215245884725,-3.74726852171307,-1.83522754954283,"w      ","",""
2020-07-13,0.030378150676642,0.00102139344444896,0.151101167531088,-3.72987932715082,-5.56890869998296,-1.9513613567945,"w      ","",""
2020-07-14,0.0735228512343377,0.00313917239159148,0.242186269095571,-4.66821946081864,-6.16843875097009,-3.3902928249474,"w      ","",""
2020-07-15,0.131057326578055,0.000201035510601573,0.381213001341922,-3.42413050944928,-4.6800255565473,-2.50268567885387,"w      ","",""
2020-07-16,0.174046168130551,0.0126083283275957,0.414750022289152,-3.60738175173961,-5.1076534029164,-2.22393031891386,"w      ","",""
2020-07-17,0.39839395722588,0.143990244292106,0.697961405016853,-4.58272468907301,-6.18726214887678,-3.2364493378204,"w      ","",""
2020-07-18,0.20029929307597,0.0207909521255056,0.425318446110016,-3.77563276528178,-5.27038120665149,-2.42916424585319,"w      ","",""
2020-07-19,0.394410682793223,0.0824643890778822,0.650653294408157,-3.67556845859144,-5.02080231461288,-2.3865654035715,"w      ","",""
2020-07-20,NA,NA,NA,NA,NA,NA,"w     E","",""
2020-07-21,0.115761594627643,0.00751595322537615,0.296107019272226,-4.55819034666096,-6.52598360365858,-2.46865600405067,"w      ","",""
2020-07-22,0.130371935799791,0.0194003030700687,0.302793854080961,-3.94406507519369,-5.69742614582019,-2.50789307991459,"w      ","",""
2020-07-23,0.277621834380196,0.0737082165473751,0.496129871239043,-3.77675658688886,-5.35272518969611,-2.19067437212022,"w      ","",""
2020-07-24,0.282499023071229,0.114953684880247,0.48591893989256,-4.67726817108301,-6.60359338322637,-3.16335411555502,"w      ","",""
2020-07-25,0.482230718490095,0.225264769571801,0.765818296935866,-5.79313908322647,-7.68601131794874,-3.63680464188182,"w      ","",""
2020-07-26,0.31621178569093,0.128556630620687,0.524458789488721,-3.80871688456782,-5.19527146562297,-2.34382514210319,"w      ","",""
2020-07-27,0.0672301397120162,0.00543665314578432,0.250304326679275,-3.96186990411977,-5.92583791428361,-2.2087821340308,"w      ","",""
2020-07-28,0.172978055874106,0.033671630855942,0.363702403325951,-5.35191968262424,-7.3053268214721,-3.41488169646632,"w      ","",""
2020-07-29,0.313384447836993,0.0945646325690683,0.575377843709237,-4.11675878157938,-5.77240267567873,-2.65197594625461,"w      ","",""
2020-07-30,0.2588377971883,0.0462284735777255,0.511794691506712,-3.08040453425088,-4.75053726658729,-1.69092901863874,"w      ","",""
2020-07-31,0.410297517323427,0.181438825323112,0.637632262948392,-4.10138642909583,-5.5204052638275,-2.76028562502907,"w      ","",""
2020-08-01,0.113529684389493,0.000581589211637783,0.288361243653611,-0.473278469677739,-0.97049027464908,-0.146258781994064,"w      ","",""
2020-08-02,0.0397440606117356,0.00129458529697095,0.169830992954854,-0.0465070949599578,-0.221081135629386,-0.000674365781415894,"w      ","",""
2020-08-03,0.00168133765747919,5.41785683861417e-05,0.00947816157092452,-0.469651466435806,-0.795981120879054,-0.183242262291074,"w      ","",""
2020-08-04,NA,NA,NA,NA,NA,NA,"w     E","",""
2020-08-05,0.00814480173670019,0.000553232678580557,0.0399165467116953,-3.46130061851633,-4.85328429440638,-2.25989065524764,"w      ","",""
2020-08-06,0.0348102517157895,0.000399567860743581,0.128619909081844,-0.0200752157254512,-0.0967159910039075,-0.000723785977010567,"w      ","",""
2020-08-07,0.00685904218840965,0.000143299680840416,0.0392050711568035,-0.0871760235792193,-0.344146334906895,-0.00547333648106046,"w      ","",""
2020-08-08,0.00995207845250218,0.000292330895767372,0.045185992544424,-0.446216843218989,-0.711801254888033,-0.153427597487831,"w      ","",""
2020-08-09,NA,NA,NA,NA,NA,NA,"w     E","",""
2020-08-10,1.31089970238832,1.04912354176945,1.59663436168933,-6.17995474800461,-7.12245135087586,-5.29477890455776,"w      ","",""
2020-08-11,NA,NA,NA,NA,NA,NA,"w     E","",""
2020-08-12,0.0840468102565497,0.00380576010225124,0.24181847911942,-4.81951773946815,-6.44374251522331,-2.7287959093412,"w      ","",""
2020-08-13,0.085505958411916,0.00958228556071062,0.251443060946681,-4.98507821826417,-6.39941514312559,-3.68617939546563,"w      ","",""
2020-08-14,0.149197147397922,0.0248781658806285,0.313157947190433,-4.33139224327761,-5.49893891549724,-3.17573893820026,"w      ","",""
2020-08-15,0.154793405709621,0.00206293998237215,0.361029498553105,-3.83000809305299,-5.4297542041598,-2.53530183644451,"w      ","",""
2020-08-16,0.162475595012125,0.0297329583360858,0.334799026392957,-4.11767966535268,-5.4909106318094,-2.8825278783766,"w      ","",""
2020-08-17,0.127995552543213,0.0270668468061726,0.29317782715057,-3.66301226061553,-5.18661675541312,-2.30875530117074,"w      ","",""
2020-08-18,NA,NA,NA,NA,NA,NA,"w     E","",""
2020-08-19,0.155598352879282,0.0324456822188208,0.328871130137346,-3.61461555673219,-5.25200722643254,-2.26208792446805,"w      ","",""
2020-08-20,0.27268887672431,0.0542772024201255,0.522614187779024,-6.02622229914629,-8.38310988040091,-3.91447677025809,"w      ","",""
2020-08-21,0.23566001726145,0.0764659334336286,0.419917310957476,-5.53599020943127,-7.57918963514821,-3.00995836931556,"w      ","",""
2020-08-22,0.109982501662308,0.00660576897607795,0.258759294823656,-3.28525125932921,-5.07688559342233,-1.96250527735789,"w      ","",""
2020-08-23,0.311435320224818,0.114193552932101,0.562078948671498,-4.97318719840459,-7.25388524107343,-3.01680244966552,"w      ","",""
2020-08-24,0.100968440430489,0.0107869961288352,0.246771893224666,-6.86284959973843,-9.36639066282824,-4.32005957444356,"w      ","",""
2020-08-25,0.0289733876985999,0.00093179636319069,0.11776651832849,-5.70017550352531,-8.68977176673317,-3.36228301410381,"w      ","",""
2020-08-26,0.0866957055370606,0.00522345094529429,0.265042345725121,-6.17513535295697,-8.38540074254745,-3.899900382895,"w      ","",""
2020-08-27,0.0717255953194218,0.00344788599458169,0.227755627565558,-1.60527187943863,-2.59529381757958,-0.763567213876273,"w      ","",""
2020-08-28,0.0135145038588485,0.000283394479293516,0.0652179859011791,-4.83019247142671,-6.23134320987543,-3.28949673532566,"w      ","",""
2020-08-29,0.0401651402879326,0.00205668913211209,0.146490461408194,-5.33135926225098,-6.50654159596294,-4.01939332569554,"w      ","",""
2020-08-30,0.0940403470208987,0.0100525228706825,0.227736648172225,-4.47911244502594,-5.76547637763517,-3.45491487739276,"w      ","",""
2020-08-31,NA,NA,NA,NA,NA,NA,"w     E","",""
2020-09-01,0.17797160784203,0.0236802356656968,0.40849977855391,-2.96436401304858,-4.7126695831105,-1.6225204253797,"w      ","",""
2020-09-02,0.0456849845521889,0.00220186584149465,0.18539974617096,-7.46123087811876,-10.058476469015,-4.83422997928009,"w      ","",""
2020-09-03,0.0429622402623938,0.00179911660121522,0.137044172155543,-1.23056026334001,-1.76351697028826,-0.783455136325155,"w      ","",""
2020-09-04,0.0108651683707267,0.000286959594041107,0.055628228364003,-1.14080233090738,-2.26478195934866,-0.234774578619197,"w      ","",""
2020-09-05,0.0127311357137158,0.000322464883700502,0.0744831995303269,-4.02485315916572,-6.33696390565421,-1.71579729510672,"w      ","",""
2020-09-06,0.0448557994469267,0.00289440653862968,0.148620720407821,-6.91786065557294,-8.49834398121488,-5.15635330500944,"w      ","",""
2020-09-07,0.0390964916501409,0.00183056129231835,0.168725743936444,-7.78225292823453,-10.2742245140865,-5.17080879243641,"w      ","",""
2020-09-08,0.0323016832624466,0.0020060235926707,0.115159022708064,-7.69577785810708,-10.1505337663249,-5.53576040304086,"w      ","",""
2020-09-09,0.0607373573527617,0.000857329321428376,0.209297233288017,-7.07110572111969,-9.30237915850388,-5.08670623342776,"w      ","",""
2020-09-10,0.0464255516759602,0.00137040849176997,0.182083153268924,-6.00698418762086,-8.14769584373832,-4.22905895226286,"w      ","",""
2020-09-11,0.0709647201494655,0.00389042411684872,0.239461925415576,-5.8904541682612,-7.93045924017537,-4.1388439335237,"w      ","",""
2020-09-12,0.0566069023762013,0.00424335936675601,0.186996902718331,-6.14237811819258,-7.94055607716587,-4.26320060492167,"w      ","",""
2020-09-13,0.0532780605113979,0.00461033957678883,0.164580557100311,-5.41452295109471,-6.83454991914367,-3.85431572652308,"w      ","",""
2020-09-14,NA,NA,NA,NA,NA,NA,"w     E","",""
2020-09-15,0.124504797016656,0.0125282774269518,0.291486220785861,-3.63901054989518,-5.05398083978733,-2.21396890451933,"w      ","",""
2020-09-16,0.0510140686355668,0.000738330665439394,0.173213146100977,-5.09948637330486,-7.0586115485774,-3.2709997696686,"w      ","",""
2020-09-17,0.116960116275301,0.0103898049718306,0.275273705759951,-4.23269256705225,-5.9667851010741,-2.88989746420728,"w      ","",""
2020-09-18,0.133850941748353,0.0193083702169175,0.322783077024787,-5.11792673794187,-6.94171658980969,-3.58533278265659,"w      ","",""
2020-09-19,0.114969463507372,0.0106968651332408,0.271558502699657,-5.27006626218193,-7.3065789478096,-3.52947349840854,"w      ","",""
2020-09-20,0.145674948708178,0.00271225920318326,0.349526501404346,-5.25286739657443,-6.99288395196826,-3.84849253238095,"w      ","",""
2020-09-21,0.0535010383994809,0.00468558681137941,0.167624947784638,-4.41446747118479,-6.05441735672602,-2.67256641401408,"w      ","",""
2020-09-22,0.049745749214942,0.000737904873830322,0.178096378398706,-4.10336824295185,-5.56142283997235,-2.72058436358887,"w      ","",""
2020-09-23,0.15102332103703,0.0107265458054017,0.352170034596955,-3.57429737451813,-5.17839526729357,-1.79850133238898,"w      ","",""
2020-09-24,0.108946509806941,0.016253318905485,0.26062463050633,-4.79470578802583,-6.78573311282994,-3.00009420772718,"w      ","",""
2020-09-25,0.156168205668512,0.0206784316546879,0.334619340517365,-4.66463906945769,-6.39907328488045,-2.92290169669001,"w      ","",""
2020-09-26,0.066186451836078,0.00550697282319333,0.183324317210932,-4.58721441497005,-6.18073001925851,-2.98940663445389,"w      ","",""
2020-09-27,0.0896162662987836,0.00812732522166994,0.213160007456333,-4.01154918708378,-5.55986834920394,-2.73867355470676,"w      ","",""
2020-09-28,0.0908356886578222,0.0143731405188556,0.237177311942042,-4.2065352414867,-5.95565580767734,-2.23637754916973,"w      ","",""
2020-09-29,NA,NA,NA,NA,NA,NA,"w     E","",""
2020-09-30,0.155662374865072,0.00477193906426313,0.342451634230375,-4.0902617375347,-5.6985410727138,-2.77179581546353,"w      ","",""
2020-10-01,0.0686622372166425,0.0071775020567032,0.164994714111767,-4.59315353050468,-6.35261353040423,-2.75062599665601,"w      ","",""
2020-10-02,0.0971703797663133,0.0167441582271766,0.221365837989388,-3.79587616619846,-5.32050874463532,-2.50861794602593,"w      ","",""
2020-10-03,0.166000800432069,0.036195588238731,0.320841194001552,-5.25771626315606,-7.13431705976135,-3.55553095689718,"w      ","",""
2020-10-04,NA,NA,NA,NA,NA,NA,"w     E","",""
2021-05-10,NA,NA,NA,NA,NA,NA,"w     E","",""
2021-05-11,0.0200115527131037,0.00207751185524913,0.0931981823146188,-0.0827373635398545,-0.273941615342183,-0.0041682034802609,"w      ","",""
2021-05-12,0.0136646728618645,0.000736763996719058,0.0632754564965368,-0.026966598902307,-0.122820534049143,-3.20979458598327e-05,"w      ","",""
2021-05-13,0.0169037552295638,0.00152040363947906,0.0791053956254572,-0.456174728680749,-0.702249365569725,-0.148904966061553,"w      ","",""
2021-05-14,0.0169335114432596,0.000557283094288535,0.085624609660335,-0.101761298080684,-0.277909577625826,-0.00720680695303861,"w      ","",""
2021-05-15,0.018196625989037,9.13800814791275e-05,0.083159190701559,-0.0283317984511117,-0.154066007550447,-0.00074443874956342,"w      ","",""
2021-05-16,0.00748229354393851,0.000339971672141807,0.0327475296688364,-0.376254001185989,-0.613849339954496,-0.152432544497457,"w      ","",""
2021-05-17,0.0148637981741627,0.000182069530157444,0.0785994919010413,-0.0958016100991034,-0.347396169040128,-0.00592489235719827,"w      ","",""
2021-05-18,0.08811773755362,0.00562317125996844,0.263133704527678,-0.103519578262939,-0.404463647637661,-0.0100942073219959,"w      ","",""
2021-05-19,0.00836276419272889,0.000435007035035223,0.04896490842114,-0.0113971762600655,-0.0637126717594629,-0.000553382698173243,"w      ","",""
2021-05-20,NA,NA,NA,NA,NA,NA,"w     E","",""
2021-05-21,0.0531447675378385,0.00360570723875071,0.228522476777636,-3.44640760340635,-4.91971997519571,-2.08532833480315,"w      ","",""
2021-05-22,0.0521242552606517,0.00306256004142922,0.192255180340613,-3.42383720039261,-5.04034871317791,-1.71812709730636,"w      ","",""
2021-05-23,0.0695587959466159,0.00534271348560724,0.227541302943191,-2.56852710319696,-3.72070060693444,-1.50130623163819,"w      ","",""
2021-05-24,0.077595883270025,0.00444205936448227,0.247188527450674,-3.51113047623193,-4.77315148991046,-2.40499193465071,"w      ","",""
2021-05-25,0.0637904004432081,0.00527781626910633,0.205876055177317,-4.22840776258261,-5.80934234253474,-2.81735259517324,"w      ","",""
2021-05-26,0.0842842004942819,0.00164138183007411,0.269110935471854,-3.95907385705979,-5.40188644446075,-2.47558133128893,"w      ","",""
2021-05-27,0.0814332481652505,0.00190282566933883,0.270383284494713,-3.86685217455505,-5.432361510625,-2.31756288064712,"w      ","",""
2021-05-28,0.152642681405297,0.00956000826930156,0.369472727886696,-3.9095500392882,-5.31265723336952,-2.37528637520557,"w      ","",""
2021-05-29,0.190695280659095,0.0213009990091224,0.404563243809085,-3.22364013220149,-4.56701783862227,-1.70251623828407,"w      ","",""
2021-05-30,0.153851255633096,0.0154875011772349,0.366963316316097,-3.06579802346944,-4.47965038619042,-1.71939260262505,"w      ","",""
2021-05-31,0.184497009676881,0.0243341130654705,0.40245365800054,-3.843866253053,-5.52376527917932,-2.32712004760371,"w      ","",""
2021-06-01,0.209786585766612,0.0267004745180683,0.439835593674414,-3.79646702902969,-5.53669693458935,-2.26576175270441,"w      ","",""
2021-06-02,0.0897402209762753,0.00375366028016194,0.275077796310638,-3.0107342348134,-4.24589088728834,-1.90475400295015,"w      ","",""
2021-06-03,NA,NA,NA,NA,NA,NA,"w     E","",""
2021-06-04,0.173511911411876,0.0425465232737775,0.390359842452654,-2.79553267457525,-4.10706627181744,-1.83223232819511,"w      ","",""
2021-06-05,0.140100357547056,0.00698990466302595,0.301534473223877,-2.74927686527053,-3.90044754112932,-1.41416997571506,"w      ","",""
2021-06-06,0.0905938611342018,0.00821348804491648,0.230065300841475,-3.25101683393314,-4.55636007703884,-2.08930745680971,"w      ","",""
2021-06-07,0.209090597559713,0.0325991255799666,0.397689070210525,-2.51377885960771,-3.51733647966832,-1.55551371039818,"w      ","",""
2021-06-08,0.163597365383242,0.0318859446230627,0.324979153850994,-3.1172235446156,-4.27013333699478,-1.88033614194946,"w      ","",""
2021-06-09,0.294883241510324,0.0433275776568089,0.546524817714156,-3.21823047934773,-4.54645692446002,-2.06260755229298,"w      ","",""
2021-06-10,0.254994173695957,0.0887318774039607,0.473119934242341,-3.86306321883104,-5.17449683254189,-2.60346921257974,"w      ","",""
2021-06-11,0.1463238940468,0.0207650502430231,0.30864626826321,-3.63049057965013,-4.82067772708034,-2.52814554580523,"w      ","",""
2021-06-12,0.225391324975193,0.0546541589771071,0.417562756482538,-2.8392645963468,-3.86123593269422,-1.78191392420266,"w      ","",""
2021-06-13,0.403960698362531,0.140317804935035,0.681520725211304,-3.30471038479648,-4.87052256089486,-2.19860878253297,"w      ","",""
2021-06-14,NA,NA,NA,NA,NA,NA,"w     E","",""
2021-06-15,0.327680893224865,0.117257059081941,0.524991956231492,-6.0542285276147,-8.4177747041119,-4.04087631129974,"w      ","",""
2021-06-16,0.229346811118662,0.087749307289084,0.401191670219933,-5.81750654704688,-8.027468322719,-3.69949938562628,"w      ","",""
2021-06-17,0.221817247436871,0.0640556103235898,0.451800009728857,-5.53164714812476,-7.89183721787925,-3.56800694884559,"w      ","",""
2021-06-18,0.250866281423983,0.0567694458618711,0.43718138674965,-3.61879062982958,-5.32316527793373,-2.21101685994903,"w      ","",""
2021-06-19,0.232791278284763,0.0699895935356941,0.430067349237422,-3.83179217584289,-5.50720935902534,-2.49230430026331,"w      ","",""
2021-06-20,0.0467414490282431,0.00299758592159645,0.148093955101288,-6.8220041193746,-9.08470526296589,-4.37594649740976,"w      ","",""
2021-06-21,0.173634150409479,0.0158291049420706,0.398550215468487,-4.30262064133363,-6.27473796963449,-2.65379067272261,"w      ","",""
2021-06-22,0.0234631582589931,0.000902665350356308,0.100689360030199,-6.27962932974134,-8.54892718433143,-3.92921218878929,"w      ","",""
2021-06-23,0.0672596395876516,0.00476268109520493,0.205936149113098,-5.13168193867972,-7.10264465820578,-3.19058326650339,"w      ","",""
2021-06-24,0.110234101170746,0.00572033175400754,0.278877907428123,-4.16130726231727,-5.92934930809452,-2.3194059316603,"w      ","",""
2021-06-25,0.179020044128995,0.0182868179965852,0.370522560220571,-5.84882517584547,-8.3608292147506,-3.53070057232884,"w      ","",""
2021-06-26,0.353946650142306,0.0725414765707785,0.658003339071852,-5.7951754853503,-8.70829809721543,-2.97551485326697,"w      ","",""
2021-06-27,0.322620554992207,0.0708129144873832,0.55768569103454,-5.3426140506458,-7.77924901162268,-3.28067151822578,"w      ","",""
2021-06-28,0.266777298593238,0.0768790458879878,0.464285089592402,-4.71835158626252,-7.15286591152542,-3.10638349467958,"w      ","",""
2021-06-29,NA,NA,NA,NA,NA,NA,"w     E","",""
2021-06-30,0.203195605839893,0.0640991623316154,0.372059706533369,-5.08718357607254,-7.42221148343971,-3.2422010163711,"w      ","",""
2021-07-01,0.167953513234002,0.0441396004888314,0.320451469322069,-4.45996984623909,-6.65282728810932,-2.33121593245362,"w      ","",""
2021-07-02,0.260256613193163,0.0929384189841629,0.460573450849823,-4.51624694398284,-6.75382006678687,-2.32497897193489,"w      ","",""
2021-07-03,0.293829277830048,0.0751540170344352,0.547554213359742,-5.4358704095441,-8.63090875553432,-2.40755672073044,"w      ","",""
2021-07-04,0.230958616176414,0.0491220883190322,0.418387043287772,-4.46956884396915,-6.60687447576991,-2.12267534179086,"w      ","",""
2021-07-05,0.35080335885545,0.139864915148707,0.561719735305948,-5.14908389074241,-7.32187222722825,-2.90991616315244,"w      ","",""
2021-07-06,0.504704377050935,0.203976153086045,0.860937006342894,-6.37824379703198,-9.26084591547584,-4.04516973258905,"w      ","",""
2021-07-07,0.452197185482597,0.207715426203675,0.742677661306676,-4.53741887707129,-6.66201617777511,-2.6749393374383,"w      ","",""
2021-07-08,0.376672073640262,0.104021991328542,0.635277318755679,-5.1119790865835,-7.47432255936653,-3.00752612181977,"w      ","",""
2021-07-09,0.196928118751208,0.0474640169053384,0.361882236353985,-3.36005100561559,-5.03159292856051,-1.92652196154998,"w      ","",""
2021-07-10,0.188982393700141,0.0377554849843571,0.351639562664483,-2.98053766694156,-4.55403608222766,-1.61076672105525,"w      ","",""
2021-07-11,0.259936400644156,0.0788455140256474,0.426206768012878,-3.42753510940794,-4.79159195435786,-1.81500527827499,"w      ","",""
2021-07-12,0.212321684549642,0.044343031233276,0.382375650899448,-3.32255731254288,-4.75375459269492,-2.06889443146082,"w      ","",""
2021-07-13,NA,NA,NA,NA,NA,NA,"w     E","",""
2021-07-27,NA,NA,NA,NA,NA,NA,"w     E","",""
2021-07-28,0.0802422068221342,0.00743937299066042,0.26414014707737,-4.76111019431087,-6.56304402281026,-2.38541951067938,"w      ","",""
2021-07-29,0.176314438962504,0.0190521750608307,0.411198884683949,-4.77727616422703,-6.481175339385,-3.22515066946435,"w      ","",""
2021-07-30,0.365170248737761,0.159773491652909,0.608741503544443,-4.47449508171891,-5.9776845056589,-3.04840510270378,"w      ","",""
2021-07-31,0.159845092743245,0.0304195564526013,0.327311917432464,-2.88075786322239,-4.18816560458598,-1.64324002466681,"w      ","",""
2021-08-01,0.416157379422346,0.161657794867247,0.652858157394718,-4.70665165872119,-6.29405004128189,-3.04204751828254,"w      ","",""
2021-08-02,0.167326641457356,0.0358937420582328,0.303430817676294,-3.29879299174388,-4.56803931959527,-1.99345534184688,"w      ","",""
2021-08-03,0.14180376045251,0.0110059798572839,0.293153448600557,-3.2884833347821,-4.8618256353813,-1.60127308686645,"w      ","",""
2021-08-04,0.142330109163495,0.0271846534429668,0.291176511102137,-3.48856548149613,-4.89331976578663,-1.82102429806554,"w      ","",""
2021-08-05,0.130451066375783,0.0244080672579034,0.282272934393119,-3.44826932168343,-5.244095897663,-1.53094561782581,"w      ","",""
2021-08-06,0.0661120959909208,0.00324641813177668,0.259737725346584,-2.42523500393415,-4.10999449866423,-0.994123522540049,"w      ","",""
2021-08-07,0.327278724981804,0.139319565701545,0.599232630676074,-4.96507389994679,-7.10309064671465,-3.10319336339703,"w      ","",""
2021-08-08,0.358833544938012,0.131379002525602,0.602035685644937,-2.18306658426711,-2.95411842111832,-1.33963490780203,"w      ","",""
2021-08-09,0.089864421678525,0.00626206407380089,0.296820838686092,-0.17633177376012,-0.756170976788998,-0.0108948324104113,"w      ","",""
2021-08-10,NA,NA,NA,NA,NA,NA,"w     E","",""
2021-08-11,0.0383247308544107,0.00210211943049337,0.154249912556615,-5.5238007092004,-7.15304602649272,-3.87833590210709,"w      ","",""
2021-08-12,0.463746423060677,0.253192258109968,0.691297678179666,-1.4868006971458,-2.11964460238304,-0.963485021321406,"w      ","",""
2021-08-13,0.0307637343752864,0.00159209359988305,0.119254650017086,-0.0437777743168402,-0.187778905101305,-0.0020981626982851,"w      ","",""
2021-08-14,0.0669571784246211,0.0038268005183714,0.247932326754713,-0.0458893052722822,-0.209672777797625,-0.000385617529316894,"w      ","",""
2021-08-15,0.285871616906311,0.0590411063552155,0.546683037324385,-0.391706822784029,-0.755334362884294,-0.0965769963914653,"w      ","",""
2021-08-16,NA,NA,NA,NA,NA,NA,"w     E","",""
2021-08-17,0.020790569595485,0.00105801985143113,0.0920924913680717,-4.15005362780462,-6.47376364731777,-2.09700086393812,"w      ","",""
2021-08-18,0.0160118953398007,0.00118868729121422,0.0838899410931909,-4.00920102524038,-5.2030093391998,-2.82141741832127,"w      ","",""
2021-08-19,0.146040822535091,0.0134728498183574,0.384403533844637,-3.60037715071043,-5.06410403222222,-2.48416444743267,"w      ","",""
2021-08-20,0.0471903550290656,0.0023906158152766,0.182015106009683,-3.77792544651205,-5.24382264237527,-2.51678353844387,"w      ","",""
2021-08-21,0.054009342842452,0.00255339573288755,0.207192117837565,-3.95632192419598,-5.14827268225492,-2.90557255957981,"w      ","",""
2021-08-22,0.0859551654158165,0.00385889711487437,0.242356464612361,-3.26367638195406,-4.34133097688288,-2.29008248035455,"w      ","",""
2021-08-23,0.210507993960788,0.0218919230826913,0.473958214029642,-3.28723589214113,-4.86550333086948,-1.91060048965245,"w      ","",""
2021-08-24,0.201433862331298,0.00970500461347362,0.430011399618723,-3.74647076481907,-5.27604524409245,-2.55984139259976,"w      ","",""
2021-08-25,NA,NA,NA,NA,NA,NA,"w     E","",""
2021-08-26,0.0818638193464451,0.00604818432799072,0.254870225546344,-3.97327487932715,-5.31714885631871,-2.70843507978376,"w      ","",""
2021-08-27,0.0352194114131466,0.00110944611667526,0.157124409883111,-4.50964405315105,-6.09596543074011,-2.7152006842856,"w      ","",""
2021-08-28,0.023499664904608,0.00122034975118133,0.104066346586427,-4.00764332816237,-5.24879693883089,-2.62700905417539,"w      ","",""
2021-08-29,0.104158037552522,0.00321079344920164,0.304369988474416,-3.4565645119116,-4.60790304154103,-2.4307371019765,"w      ","",""
2021-08-30,0.0824081140609665,0.00167607593667241,0.250509065841581,-3.15747305189794,-4.41903032089872,-2.08081620774547,"w      ","",""
2021-08-31,NA,NA,NA,NA,NA,NA,"w     E","",""
2021-09-01,0.0993743030955561,0.0219639281345283,0.242778285699366,-3.29488115715651,-4.42223944379161,-2.1706373406763,"w      ","",""
2021-09-02,0.227392043566099,0.0203746788690613,0.489388090752229,-3.55376354930467,-5.0748556199067,-1.9727356546467,"w      ","",""
2021-09-03,0.179349452858125,0.0360377582882401,0.357567520190814,-3.58371069577073,-4.78638774199295,-2.40359861770702,"w      ","",""
2021-09-04,0.118198076848676,0.0164013997467323,0.259391598495822,-3.54289171646571,-4.8561947760231,-2.29107068803074,"w      ","",""
2021-09-05,0.202482056341747,0.0336135351251375,0.434922421719096,-4.02317619387535,-5.74959194904772,-2.69121619664436,"w      ","",""
2021-09-06,0.189292985235967,0.0351150026265056,0.398303325676895,-3.54263841844079,-4.83001535869224,-2.45443466935991,"w      ","",""
2021-09-07,0.175449920878599,0.0342412617157226,0.371725035498367,-3.29523936324039,-4.60583385024006,-2.30721188777343,"w      ","",""
2021-09-08,NA,NA,NA,NA,NA,NA,"w     E","",""
2021-09-09,0.154685252277026,0.0204078477773387,0.299839229365693,-3.54224411743811,-4.78791183358143,-2.19842920134642,"w      ","",""
2021-09-10,0.273164198905884,0.0766756690502151,0.475827310309936,-3.35916792331143,-4.78315897078426,-2.07896853124973,"w      ","",""
2021-09-11,0.064591464515916,0.00215934190174302,0.187332082935963,-3.38629068220009,-4.92013285281605,-1.96902735957156,"w      ","",""
2021-09-12,0.12267728847787,0.0279220260090301,0.257736697476256,-2.72523614609106,-3.76373492168719,-1.93039577118512,"w      ","",""
2021-09-13,0.261483368194729,0.0704048634233381,0.456402761016782,-3.25242484205855,-4.51679858932374,-1.82721965128306,"w      ","",""
2021-09-14,0.0825889008858529,0.00454100812974344,0.215379289940961,-2.99295156248731,-4.19753562294691,-1.85369122300234,"w      ","",""
2021-09-15,0.0928373933775558,0.00949207876454964,0.22912317119098,-2.62307092657142,-3.71962008797795,-1.6833238767515,"w      ","",""
2021-09-16,0.161844984752156,0.00948177677031088,0.35515046068305,-2.52656800724748,-3.62688507454761,-1.41555791057576,"w      ","",""
2021-09-17,0.0778386545748076,0.00818110653030722,0.205800837163666,-2.33354525203198,-3.37952203858274,-1.54158171121966,"w      ","",""
2021-09-18,0.122354239006631,0.0188272046216138,0.277685112173589,-2.61193827080336,-3.72636868204397,-1.71440073195697,"w      ","",""
2021-09-19,0.122035559216663,0.00581429761968894,0.257603953308317,-2.45483083605101,-3.60403899920693,-1.50724770543238,"w      ","",""
2021-09-20,0.138770999279183,0.0167683919249088,0.313041577891692,-2.90526118782989,-4.19916837900772,-1.63500616704759,"w      ","",""
2021-09-21,NA,NA,NA,NA,NA,NA,"w     E","",""
2021-09-22,0.0401905921490596,0.000765866740852599,0.152491247867289,-2.48005647372169,-3.80461373226496,-0.9601424206737,"w      ","",""
2021-09-23,0.118581054139679,0.0208236278126727,0.299405837697457,-4.07166177312227,-5.61466023218289,-2.55030773229189,"w      ","",""
2021-09-24,0.0571478164612419,0.00243789685805262,0.190822089779426,-3.37400712410587,-4.81475314557954,-2.01826391184333,"w      ","",""
2021-09-25,0.112374037237638,0.0207827466123153,0.273614173495876,-3.13136691502322,-4.49659074220556,-1.9182763291549,"w      ","",""
2021-09-26,0.0378750944442506,0.00154655969817021,0.132939217925745,-2.98877635399279,-4.30927817768463,-1.73644995627032,"w      ","",""
2021-09-27,NA,NA,NA,NA,NA,NA,"w     E","",""
